incident_id,restaurant_name,location,city,state,date_reported,date_inspection,authority,finding,finding_categories,action_taken,samples_collected,closure_status,verification_status,source_name,source_type,source_url,evidence_excerpt,last_updated
FS-D71E6EA01D,"No FSSAI, no hygiene: TG SAFE closes restaurant in Hyderabad",,,,2026-09-24,,,"No FSSAI, no hygiene: TG SAFE closes restaurant in Hyderabad - The Siasat Daily",Pest infestation; Spoiled / stale food; Labelling / date-marking; Water / ice safety; Poor hygiene / sanitation; Equipment / premises; Licensing / registration; Storage / packaging,seized; closed; inspection; raid,,,News report — corroboration recommended,The Siasat Daily,Other,https://www.siasat.com/no-fssai-no-hygiene-tg-safe-closes-restaurant-in-hyderabad-3547710/,"No FSSAI, no hygiene: TG SAFE closes restaurant in Hyderabad Hyderabad Telangana India Middle East Entertainment Sports Business Photos Videos Menu Search for Home Hyderabad Telangana India Middle East Entertainment Sports Business Photos Videos Sidebar Siasat.com / News / Hyderabad / No FSSAI, no hygiene: TG SAFE closes restaurant in Hyderabad No FSSAI, no hygiene: TG SAFE closes restaurant in Hyderabad In August, TG SAFE has inspected 208 food and pharmacy establishments and cancelled 30 licences. News Desk Follow on Twitter | Edited by Veena Nair | Published: 24th September 2026 9:25 pm IST Hyderabad: A restaurant in Hyderabad was closed on Thursday, September 24, for food safety violatio",2026-09-25
FS-946D5215EA,"FSSAI moves to ban analogue paneer, orders products to drop paneer label",,,,2026-09-24,,,"FSSAI moves to ban analogue paneer, orders products to drop paneer label - India Today",Pest infestation; Labelling / date-marking; Water / ice safety; Licensing / registration; Storage / packaging,,,,News report — corroboration recommended,India Today,Other,https://www.indiatoday.in/amp/india/story/bombay-high-court-thane-restaurant-analogue-paneer-licence-suspension-3002129-2026-09-24,"Analogue paneer, Bombay High Court: Thane restaurant denied relief over suspended licence - India Today India Today Aaj Tak India Today Hindi NewsTak GNTTV Lallantop Business Today Bangla Malayalam Northeast BT Bazaar Harper's Bazaar Sports Tak Astro Tak Gaming Brides Today Cosmopolitan Kisan Tak Reader’s Digest Magazine LIVE Live TV Search Home TV Live TV Primetime Magazine Latest Edition Insight Best Colleges India Today Hindi Jobs India Business All Business News Share Market IPO Personal Finance Companies Life+Style Puzzles South Global Sports Asian Games Medal Tally All Sports Cricket Live Score Football Technology Showbuzz Entertainment Movies Bollywood Hollywood Television OTT Latest",2026-09-25
FS-5CC03FD278,"For Small Eateries, FSSAI Compliance Is A Survival Test",,,,2026-09-24,,,"For Small Eateries, FSSAI Compliance Is A Survival Test - outlookbusiness.com",Pest infestation; Adulteration; Labelling / date-marking; Water / ice safety; Poor hygiene / sanitation; Waste / drainage; Licensing / registration; Storage / packaging,inspection; raid,,,News report — corroboration recommended,outlookbusiness.com,Other,https://www.outlookbusiness.com/industry/fda-fssai-scrutiny-threatens-small-food-businesses-compliance-costs-market-formalisation,"For Small Eateries, FSSAI Compliance Is A Survival Test – Outlook Business SUBSCRIBE INDIA MONEY TRAVELLER EATS RESPAWN LUXE Buy Latest Issue Get magazine delivered to your doorstep Buy on Amazon Get latest issue delivered instantly Buy on Blinkit Only in Delhi-NCR, Mumbai, Bengaluru, Pune, Lucknow & Kolkata SUBSCRIBE Delivery within India Delivery outside India Buy latest issue sign in SUBSCRIBE Get magazine delivered to your doorstep Buy on Amazon Get latest issue delivered instantly Buy on Blinkit Only in Delhi-NCR, Mumbai, Bengaluru, Pune, Lucknow & Kolkata × Magazine Markets Corporate Corporate Strategist Down the Ages Economy & Policy Nash Equilibria Essays Newsletters News AI Start-Up",2026-09-25
FS-B3A7D69A00,Chef's View: Literacy and Education are Primary to Food Safety in India,,,,2026-09-24,,,Chef's View: Literacy and Education are Primary to Food Safety in India - Outlook India,Pest infestation; Expired food; Spoiled / stale food; Labelling / date-marking; Water / ice safety; Poor hygiene / sanitation; Equipment / premises; Food-handler hygiene; Licensing / registration,fine; samples collected,,,News report — corroboration recommended,Outlook India,Other,https://www.outlookindia.com/national/chefs-view-literacy-and-education-are-primary-to-food-safety-in-india,Chef's View: Literacy and Education are Primary to Food Safety in India | Outlook India Subscribe Delivery Within India Delivery Outside India Subscribe Delivery Within India Delivery Outside India BUSINESS MONEY TRAVELLER EATS RESPAWN LUXE BUSINESS MONEY TRAVELLER EATS RESPAWN LUXE ✕ ✕ National International Magazine Book Reviews Weekender Sports ▾ Cricket Football Badminton Tennis Entertainment Elections Others ▾ The India Drive Web Stories Brand Studio Sohini Sastri Astro N.E.W.S. NexaPost Hub4Business Tourism Spotlight Healthcare Spotlight Entertainment Spotlight OLB Spotlight Initiatives ABOUT US CONTACT US COPYRIGHT & DISCLAIMER Subscription Buy Latest Issue follow us Home National Che,2026-09-25
FS-3E87E114B7,High-profile raids spotlight India's food-safety struggles,,,,2026-09-18,,,High-profile raids spotlight India's food-safety struggles - DW.com,Pest infestation; Adulteration; Labelling / date-marking; Cross-contamination / segregation; Water / ice safety; Poor hygiene / sanitation; Equipment / premises; Food-handler hygiene; Storage / packaging,fine; inspection; raided; raid,,,News report — corroboration recommended,DW.com,Other,https://www.dw.com/en/high-profile-raids-spotlight-indias-food-safety-struggles/a-79324342,"High-profile raids spotlight India's food-safety struggles Skip to content Skip to main menu Skip to more DW sites Latest videos Latest audio Regions Africa Asia Europe Latin America Middle East North America Germany Topics Climate Equality Health Human Rights Migration Technology Categories Business Science Environment Culture Sports In focus German politics AI Russia Latest audio Latest videos Live TV Advertisement Food Security India High-profile raids spotlight India's food-safety struggles Murali Krishnan in New Delhi 09/18/2026 September 18, 2026 Recent raids at luxury hotels and a wider crackdown on food companies have renewed the debate about food-safety standards and enforcement in",2026-09-25
FS-7B473A654A,"FSSAI raids: Restaurants, quick commerce firms brace for tougher food safety checks",,,,2026-09-01,,,"FSSAI raids: Restaurants, quick commerce firms brace for tougher food safety checks - Moneycontrol.com",Pest infestation; Expired food; Water / ice safety; Poor hygiene / sanitation; Equipment / premises; Licensing / registration; Storage / packaging,seized; destroyed; closure; inspection; raid,,,News report — corroboration recommended,Moneycontrol.com,Other,https://www.moneycontrol.com/news/business/startup/fssai-raids-restaurants-quick-commerce-firms-brace-for-tougher-food-safety-checks-14019275.html,"FSSAI raids: Restaurants, quick commerce firms brace for tougher food safety checks Select language English Hindi Gujarati Specials Search Quotes, News, Mutual Fund NAVs Quotes Mutual Funds ETFs Commodities Futures & Options Unlisted Shares Currency News Topic Cryptocurrency Forum Notices Videos Glossary All My Alerts Go Ad-Free Hello, Login Hello, Login Log-in or Sign-Up My Account My Profile My Portfolio My Watchlist My Alerts My Messages Price Alerts My Profile My PRO My Portfolio My Watchlist My Alerts My Messages Price Alerts Logout Loans up to ₹50 LAKHS Fixed Deposits Credit Cards Lifetime Free Credit Score Loan against MFs Chat with Us Download App Follow us on: ->->MC_ENG_DESKTOP/MC_",2026-09-25
FS-11EEBFD5FC,FSSAI crackdown pushes restaurants to get kitchens in order,,,,2026-09-08,,,FSSAI crackdown pushes restaurants to get kitchens in order - Livemint,Pest infestation; Expired food; Adulteration; Temperature control; Water / ice safety; Poor hygiene / sanitation; Equipment / premises,closed; inspection,,,News report — corroboration recommended,Livemint,Other,https://www.livemint.com/companies/news/fssai-food-safety-crackdown-restaurants-india-hygiene-11788798682231.html,FSSAI crackdown pushes restaurants to get kitchens in order | Company Business News Subscribe Sign in View Market Dashboard Home Markets Market News Stock Markets IPO Mint Portfolio US Markets Mark to Market Bonds Commodities Cryptocurrency Market Data Stock Pages Index pages Commodities Gold Price Today Silver Price Today Fuel Petrol price today Diesel price today News India World WSJ Economist US News Trends Mint Portfolio Money Personal Finance Insurance Ask Mint Money Mutual Funds MyMint Latest news NSE IPO Premium e-paper Global Partners WSJ Economist Barron's Mint Specials Mint Explainers Mark to Market Long Story Plain Facts Snapview Sections Companies Technology Markets Personal Fina,2026-09-25
FS-03ECCF0F18,Kolkata Municipal Corporation suspends FSSAI license for 40 food outlets in the city,,,,2026-09-09,,,Kolkata Municipal Corporation suspends FSSAI license for 40 food outlets in the city - The Hindu,Pest infestation; Expired food; Spoiled / stale food; Water / ice safety; Poor hygiene / sanitation; Equipment / premises; Licensing / registration,destroyed; closure; inspection,,,News report — corroboration recommended,The Hindu,News,https://www.thehindu.com/news/cities/kolkata/kolkata-muncipal-corporation-suspends-fssai-license-for-40-food-outlets-in-the-city/article71446636.ece,"Kolkata Municipal Corporation suspends FSSAI license for 40 food outlets in the city - The Hindu You are logged in Loading... LOGOUT You don’t have any Active Subscription. Subscribe now Subscribed with another email? Logout and Login with that one. Your active subscription(s) Account subscription benefits alongside Premium Stories, Editorials, Opinions and more. Unlock these with Subscription Products you've access to Additional Subscription Benefits eBooks Webinars Newsletters Games Monthly Digest Account Settings Go to My Account Bookmarks Manage Subscriptions Need help with your subscription? customersupport@thehindu.co.in 1800 102 1878 September 9, 2026 e-Paper LOGIN Account eBooks Subs",2026-09-25
FS-B5F35F8B30,"FSSAI crackdown spooks food businesses, compliance queries up 40%",,,,2026-09-03,,,"FSSAI crackdown spooks food businesses, compliance queries up 40% - Business Standard",Pest infestation; Expired food; Labelling / date-marking; Cross-contamination / segregation; Water / ice safety; Poor hygiene / sanitation; Equipment / premises; Licensing / registration; Storage / packaging,,,,News report — corroboration recommended,Business Standard,Other,https://www.business-standard.com/industry/news/fssai-crackdown-spooks-food-businesses-compliance-queries-up-40-126090301414_1.html,"FSSAI crackdown spooks food businesses, compliance queries up 40% | Industry News - Business Standard Friday, September 25, 2026 | 02:39 PM IST हिंदी में पढें Home Industry Auto Banking Aviation SME Agriculture Home / Industry / News / FSSAI crackdown spooks food businesses, compliance queries up 40% FSSAI crackdown spooks food businesses, compliance queries up 40% Consultants report a 40 per cent increase in compliance-related queries since July premium Representative image Udisha Srivastav 4 min read Last Updated : Sep 03 2026 | 11:23 PM IST Listen to This Article A recent crackdown by the Food Safety and Standards Authority of India (FSSAI) on restaurants has triggered a surge in complian",2026-09-25
FS-215BA9581C,India’s hotels face operational disruption as FSSAI intensifies food-safety raids,,,,2026-09-14,,,India’s hotels face operational disruption as FSSAI intensifies food-safety raids - Travel Daily Media,Pest infestation; Spoiled / stale food; Labelling / date-marking; Cross-contamination / segregation; Water / ice safety; Poor hygiene / sanitation; Equipment / premises; Licensing / registration; Storage / packaging,inspection; raid,,,News report — corroboration recommended,Travel Daily Media,Other,https://www.traveldailymedia.com/indias-hotels-face-operational-disruption-as-fssai-intensifies-food-safety-raids/,India's hotels face operational disruption as FSSAI intensifies food-safety raids Skip to content Travel Daily Media Boost your business & benchmark against your competitors with TDM Travel Trade Excellence Awards 2026 – start your entry here » TDM Travel Trade Excellence Awards 2026 – start your entry here » Success! Your account is ready. Let's get started! Login to your Account Welcome Back! Select method to log in Username Password Remember Me Forgot Password? Login Continue with Facebook Continue with Google Continue with Twitter Don't have an account? Register Sign Up Enter your details below to create your account and get started. I want to Join the Community Events Name Email Passwor,2026-09-25
FS-1FA0952020,Kolkata Municipal Corporation suspends FSSAI licences of 40 popular eateries over poor hygiene standards,,,,2026-09-08,,,Kolkata Municipal Corporation suspends FSSAI licences of 40 popular eateries over poor hygiene standards - theweek.in,Pest infestation; Water / ice safety; Poor hygiene / sanitation; Licensing / registration,,,,News report — corroboration recommended,theweek.in,Other,https://www.theweek.in/news/india/2026/09/08/kolkata-municipal-corporation-suspends-fssai-licences-of-40-popular-eateries-over-poor-hygiene-standards.html,"Access Denied Access Denied You don't have permission to access ""http://www.theweek.in/news/india/2026/09/08/kolkata-municipal-corporation-suspends-fssai-licences-of-40-popular-eateries-over-poor-hygiene-standards.html"" on this server. Reference #18.ee6ac917.1790327367.fa7def77 https://errors.edgesuite.net/18.ee6ac917.1790327367.fa7def77",2026-09-25
FS-AF9131FE63,Restaurants Are Being Maligned Before Trial: NRAI,,,,2026-09-08,,,Restaurants Are Being Maligned Before Trial: NRAI - ET HospitalityWorld,Pest infestation; Water / ice safety; Poor hygiene / sanitation; Equipment / premises; Food-handler hygiene; Licensing / registration; Storage / packaging,inspection,,,News report — corroboration recommended,ET HospitalityWorld,Other,https://hospitality.economictimes.indiatimes.com/news/restaurants/restaurants-are-being-maligned-before-trial-nrai/133861256,"Restaurants Are Being Maligned Before Trial: NRAI, ETHospitalityWorld Home News Exclusives Leaders Speak Events Awards Webinars Brand Solutions More Newsletters MasterClasses About Us Contact Us Advertise With Us Search Login Hotels Restaurants Operations Travel F&B Technology Sales & Mktg More People Movement Restaurants and Nightlife Awards 2026 ET HospitalityWorld proudly presents the fifth edition of the ET HospitalityWorld Restaurant and Nightlife Awards. As we reflect on our past ceremonies, which have recognized the exceptional individuals and milestones shaping the industry's trajector WhatsApp Channel Tune in to know the latest updates on the hospitality industry ETHospitality Newsl",2026-09-25
FS-5E67900078,"FSSAI seals one restaurant, serves notice to 12 for non-compliance in Coimbatore district",,,,2026-09-07,,,"FSSAI seals one restaurant, serves notice to 12 for non-compliance in Coimbatore district - The Hindu",Pest infestation; Water / ice safety; Equipment / premises; Licensing / registration,penalty; fine; inspection,,,News report — corroboration recommended,The Hindu,News,https://www.thehindu.com/news/cities/Coimbatore/fssai-seals-one-restaurant-serves-notice-to-12-for-non-compliance-in-coimbatore-district/article71439880.ece,"FSSAI seals one restaurant, serves notice to 12 for non-compliance in Coimbatore district - The Hindu You are logged in Loading... LOGOUT You don’t have any Active Subscription. Subscribe now Subscribed with another email? Logout and Login with that one. Your active subscription(s) Account subscription benefits alongside Premium Stories, Editorials, Opinions and more. Unlock these with Subscription Products you've access to Additional Subscription Benefits eBooks Webinars Newsletters Games Monthly Digest Account Settings Go to My Account Bookmarks Manage Subscriptions Need help with your subscription? customersupport@thehindu.co.in 1800 102 1878 September 7, 2026 e-Paper LOGIN Account eBooks",2026-09-25
FS-454740FC16,Food safety department to begin three-month drive from September 1; FSSAI licenses to be inspected,,,,2026-08-30,,,Food safety department to begin three-month drive from September 1; FSSAI licenses to be inspected - The New Indian Express,Pest infestation; Temperature control; Water / ice safety; Equipment / premises; Food-handler hygiene; Licensing / registration,fine; inspection,,,News report — corroboration recommended,The New Indian Express,News,https://www.newindianexpress.com/states/tamil-nadu/2026/Aug/30/food-safety-department-to-begin-three-month-drive-from-september-1-fssai-licenses-to-be-inspected,Food safety department to begin three-month drive from September 1; FSSAI licenses to be inspected Subscribe E-PAPER INDIA WORLD STATES CITIES OPINION EXPLAINER BUSINESS SPORTS GOOD NEWS ENTERTAINMENT VIDEOS LIVE BLOG INDIA WORLD STATES CITIES OPINION EXPLAINER BUSINESS SPORTS GOOD NEWS ENTERTAINMENT VIDEOS LIVE BLOG Tamil Nadu Food safety department to begin three-month drive from September 1; FSSAI licenses to be inspected Officials have been asked to check whether kitchens and godowns are clean and whether pest control and water testing are done. Food safety department to begin three-month drive from September 1; FSSAI licenses to be inspected Photo | ANI Express News Service Updated on :,2026-09-25
FS-A6DBFED99F,Bengaluru firm under FSSAI scanner; 3.7 tonnes of expired infant food ordered destroyed,,,,2026-09-03,,,Bengaluru firm under FSSAI scanner; 3.7 tonnes of expired infant food ordered destroyed - The Times of India,Pest infestation; Expired food; Spoiled / stale food; Microbial / fungal contamination; Labelling / date-marking; Cross-contamination / segregation; Water / ice safety; Poor hygiene / sanitation; Waste / drainage; Licensing / registration,seized; seizure; destroyed; disposed; closed; fine; samples collected; inspection; raided; raid,,,News report — corroboration recommended,The Times of India,News,https://timesofindia.indiatimes.com/city/bengaluru/bengaluru-firm-under-fssai-scanner-3-7-tonnes-of-expired-infant-food-ordered-destroyed/articleshow/133731743.cms,Bengaluru firm under FSSAI scanner; 3.7 tonnes of expired infant food ordered destroyed | Bengaluru News - The Times of India Edition IN IN US GCC English English à¤¹à¤¿à¤¨à¥à¤¦à¥ à¤®à¤°à¤¾à¤ à¥ à²à²¨à³à²¨à²¡ à®¤à®®à®¿à®´à¯ à¦¬à¦¾à¦à¦²à¦¾ à´®à´²à´¯à´¾à´³à´ à°¤à±à°²à±à°à± àªà«àªàª°àª¾àª¤à« Weather Sign In TOI City bengaluru mumbai delhi Hyderabad kolkata chennai Crime News agra agartala ahmedabad ajmer amaravati amritsar bareilly bhubaneswar bhopal chandigarh chhatrapati sambhajinagar coimbatore cuttack dehradun erode faridabad ghaziabad goa gurgaon guwahati hubballi imphal indore itanagar jaipur jammu jamshedpur jodhpur kanpur kochi kohima kolhapur kozhikode ludhiana lucknow,2026-09-25
FS-21E7EA6ED1,"Health department forms 30 special teams to inspect hotels, restaurants, food outlets across Bengaluru",,,,2026-08-07,,,"Health department forms 30 special teams to inspect hotels, restaurants, food outlets across Bengaluru - The Hindu",Pest infestation; Expired food; Microbial / fungal contamination; Labelling / date-marking; Temperature control; Cross-contamination / segregation; Water / ice safety; Poor hygiene / sanitation; Equipment / premises; Storage / packaging,seized; destroyed; inspection,,,News report — corroboration recommended,The Hindu,News,https://www.thehindu.com/news/cities/bangalore/health-department-forms-30-special-teams-to-inspect-hotels-restaurants-food-outlets-across-bengaluru/article71317334.ece,"Health department forms 30 special teams to inspect hotels, restaurants, food outlets across Bengaluru - The Hindu You are logged in Loading... LOGOUT You don’t have any Active Subscription. Subscribe now Subscribed with another email? Logout and Login with that one. Your active subscription(s) Account subscription benefits alongside Premium Stories, Editorials, Opinions and more. Unlock these with Subscription Products you've access to Additional Subscription Benefits eBooks Webinars Newsletters Games Monthly Digest Account Settings Go to My Account Bookmarks Manage Subscriptions Need help with your subscription? customersupport@thehindu.co.in 1800 102 1878 Weather News September 22, 2026 e",2026-09-25
FS-A19BBF8F61,Companies Test Their Own Food? How India’s Risk-Based FSSAI System Works,,,,2026-08-29,,,Companies Test Their Own Food? How India’s Risk-Based FSSAI System Works - Outlook India,Pest infestation; Expired food; Adulteration; Labelling / date-marking; Water / ice safety; Licensing / registration; Storage / packaging,prosecution; inspection,,,News report — corroboration recommended,Outlook India,Other,https://www.outlookindia.com/national/companies-test-their-own-food-how-indias-risk-based-fssai-system-works,Companies Test Their Own Food? How India’s Risk-Based FSSAI System Works | Outlook India Subscribe Delivery Within India Delivery Outside India Subscribe Delivery Within India Delivery Outside India BUSINESS MONEY TRAVELLER EATS RESPAWN LUXE BUSINESS MONEY TRAVELLER EATS RESPAWN LUXE ✕ ✕ National International Magazine Book Reviews Weekender Sports ▾ Cricket Football Badminton Tennis Entertainment Elections Others ▾ The India Drive Web Stories Brand Studio Sohini Sastri Astro N.E.W.S. NexaPost Hub4Business Tourism Spotlight Healthcare Spotlight Entertainment Spotlight OLB Spotlight Initiatives ABOUT US CONTACT US COPYRIGHT & DISCLAIMER Subscription Buy Latest Issue follow us Home National Co,2026-09-25
FS-A1321C4199,"Cockroaches, Expired Food, Rotten Fruit: How FSSAI is Putting India's Kitchens Under the Scanner",,,,2026-08-26,,,"Cockroaches, Expired Food, Rotten Fruit: How FSSAI is Putting India's Kitchens Under the Scanner - Open Magazine",Pest infestation; Expired food; Spoiled / stale food; Microbial / fungal contamination; Labelling / date-marking; Temperature control; Cross-contamination / segregation; Water / ice safety; Poor hygiene / sanitation; Waste / drainage; Equipment / premises; Licensing / registration; Storage / packaging,destroyed; closed; prosecution; inspection; raid,,,News report — corroboration recommended,Open Magazine,Other,https://openthemagazine.com/india/cockroaches-expired-food-rotten-fruit-how-fssai-is-putting-indias-kitchens-under-the-scanner,"FSSAI Crackdown on Hotel Kitchens: Cockroaches, Expired Food and Rotten Produce Exposed in Delhi’s Aerocity Logo Go Ad-Free Home India World Politics Sports Business Columns Entertainment Art & Culture Books Technology Open Avenues Archives Movies Cover Stories Features Health Digital Stories Logo Home India World Politics Entertainment Sports Logo Home India Cockroaches, Expired Food, Rotten Fruit: How FSSAI is Putting India's Kitchens Under the Scanner Cockroaches, Expired Food, Rotten Fruit: How FSSAI is Putting India's Kitchens Under the Scanner Open Bureau Last Updated: August 26, 2026, 22:00 IST Summarise Share Share Two luxury hotels in Delhi's Aerocity are under scrutiny after Food S",2026-09-25
FS-D9F79CD191,"Cockroaches, fungus, gutka packet: FSSAI notice to Delhi's JW Marriott, Andaz over massive food safety lapses | India News",,,,2026-08-26,,,"Cockroaches, fungus, gutka packet: FSSAI notice to Delhi's JW Marriott, Andaz over massive food safety lapses | India News - Hindustan Times",Pest infestation; Expired food; Spoiled / stale food; Microbial / fungal contamination; Labelling / date-marking; Temperature control; Cross-contamination / segregation; Water / ice safety; Poor hygiene / sanitation; Waste / drainage; Equipment / premises; Licensing / registration; Storage / packaging,inspection,,,News report — corroboration recommended,Hindustan Times,News,https://www.hindustantimes.com/india-news/cockroaches-fungus-gutka-packet-fssai-notice-to-delhis-jw-marriott-andaz-over-massive-food-safety-lapses-101787755881302.html,"Cockroaches, fungus, gutka packet: FSSAI notice to Delhi's JW Marriott, Andaz over massive food safety lapses | India News Wed, Sep 16, 2026 New Delhi 0 o C E-Paper Subscribe Subscribe Enjoy unlimited access Subscribe Now! Get features like Ad lite A Minimal Ad Experience HT Premium Articles Expertly crafted articles Quickreads Segment News brief in summary format HT E-paper Access digital news experience Subscribe Now Edit Profile Subscribe Now Saved Articles Following My Reads Sign out Get App Home HTLS 2025 Astrology India News Lifestyle Entertainment Elections Trending HT Cricket Videos Education Photos Sports Cities Daily Digest Quickreads Opinion Analysis For You Following Science HT G",2026-09-25
FS-2A2AB0F0C9,"Expired meat, filthy kitchens: FSSAI raids expose rot at 10 Bengaluru elite clubs",,,,2026-08-26,,,"Expired meat, filthy kitchens: FSSAI raids expose rot at 10 Bengaluru elite clubs - India Today",Pest infestation; Expired food; Spoiled / stale food; Labelling / date-marking; Cross-contamination / segregation; Water / ice safety; Poor hygiene / sanitation; Equipment / premises; Storage / packaging,seized; inspection; raid,,,News report — corroboration recommended,India Today,Other,https://www.indiatoday.in/cities/bengaluru/story/fssai-bengaluru-clubs-food-safety-raids-expired-meat-fish-hygiene-lapses-bowring-club-century-club-2980019-2026-08-26,"Expired meat, filthy kitchens: FSSAI raids expose rot at 10 Bengaluru elite clubs - Bangalore News | India Today India Today Aaj Tak India Today Hindi NewsTak GNTTV Lallantop Business Today Bangla Malayalam Northeast BT Bazaar Harper's Bazaar Sports Tak Astro Tak Gaming Brides Today Cosmopolitan Kisan Tak Reader’s Digest India Today Aaj Tak India Today Hindi NewsTak GNTTV Lallantop Business Today Bangla Malayalam Northeast Magazine Live TV Search SEARCH SIGN IN Edition IN IN US Home TV Live TV Primetime Magazine Latest Edition Insight Best Colleges India Today Hindi Jobs India Business All Business News Share Market IPO Personal Finance Companies Life+Style Puzzles South Global Sports All Sp",2026-09-25
FS-6E8117C81A,Exclusive: Four more law firms assisting FSSAI in its food safety action across India,,,,2026-08-12,,,Exclusive: Four more law firms assisting FSSAI in its food safety action across India - Bar and Bench,Pest infestation; Labelling / date-marking; Water / ice safety; Poor hygiene / sanitation; Equipment / premises; Licensing / registration; Storage / packaging,seizure; inspection; raid,,,News report — corroboration recommended,Bar and Bench,Other,https://www.barandbench.com/news/exclusive-the-four-law-firms-assisting-fssai-in-its-food-safety-action-across-india,"Exclusive: The four law firms assisting FSSAI in its food safety action across India Subscribe Latest Legal News News Law Firms Columns Interviews Law School Legal Jobs हिंदी ಕನ್ನಡ Subscribe Latest Legal News News Law Firms Columns Interviews Law School Legal Jobs हिंदी ಕನ್ನಡ News Exclusive: Four more law firms assisting FSSAI in its food safety action across India The regulator will now have eight law firms on its panel to handle litigation and advisory work. FSSAI Raid https://www.instagram.com/p/DbTe6G1oEBz/?img_index=2&igsh=MWkwczFmdXNxbnRzcA%3D%3D S N Thyagarajan Published on : 12 Aug 2026, 1:28 pm 2 min read Copied Follow Us Listen to this article The Food Safety and Standards Authorit",2026-09-25
FS-226293C73A,"KMC Food Inspectors Knock on Mall Eatery Doors, Discards Meat in a Central Kolkata restaurant",,,,2026-09-06,,,"KMC Food Inspectors Knock on Mall Eatery Doors, Discards Meat in a Central Kolkata restaurant - The Times of India",Pest infestation; Labelling / date-marking; Temperature control; Water / ice safety; Poor hygiene / sanitation; Waste / drainage; Equipment / premises; Licensing / registration; Storage / packaging,penalty; inspection,,,News report — corroboration recommended,The Times of India,News,https://timesofindia.indiatimes.com/city/kolkata/kmc-food-inspectors-knock-on-mall-eatery-doors-discards-meat-in-a-central-kolkata-restaurant/articleshow/133844089.cms,"KMC Food Inspectors Knock on Mall Eatery Doors, Discards Meat in a Central Kolkata restaurant | Kolkata News - The Times of India Edition IN IN US GCC English English à¤¹à¤¿à¤¨à¥à¤¦à¥ à¤®à¤°à¤¾à¤ à¥ à²à²¨à³à²¨à²¡ à®¤à®®à®¿à®´à¯ à¦¬à¦¾à¦à¦²à¦¾ à´®à´²à´¯à´¾à´³à´ à°¤à±à°²à±à°à± àªà«àªàª°àª¾àª¤à« Weather Sign In TOI City kolkata mumbai delhi bengaluru Hyderabad chennai Crime News agra agartala ahmedabad ajmer amaravati amritsar bareilly bhubaneswar bhopal chandigarh chhatrapati sambhajinagar coimbatore cuttack dehradun erode faridabad ghaziabad goa gurgaon guwahati hubballi imphal indore itanagar jaipur jammu jamshedpur jodhpur kanpur kochi kohima kolhapur kozhikode ludhiana luck",2026-09-25
FS-BB49DE5561,"Rat in Blinkit freezer, spoiled KFC chicken: Food safety crackdown intensifies across India",,,,2026-08-16,,,"Rat in Blinkit freezer, spoiled KFC chicken: Food safety crackdown intensifies across India - pragativadi.com",Pest infestation; Expired food; Spoiled / stale food; Microbial / fungal contamination; Labelling / date-marking; Cross-contamination / segregation; Water / ice safety; Poor hygiene / sanitation; Equipment / premises; Licensing / registration; Storage / packaging,seized; seizure; samples collected; inspection; raid,,,News report — corroboration recommended,pragativadi.com,Other,https://pragativadi.com/rat-in-blinkit-freezer-spoiled-kfc-chicken-food-safety-crackdown-intensifies-across-india/,"Rat in Blinkit freezer, spoiled KFC chicken: Food safety crackdown intensifies across India - Pragativadi I Latest Odisha News in English I Breaking News About us Privacy Policy Disclaimer Contact Friday, September 25, 2026 EPAPER Odisha Twin City Politics National World Sports Entertainment Business Lifestyle Tech Quiz Prativa Vikash 2026 No Result View All Result EPAPER Odisha Twin City Politics National World Sports Entertainment Business Lifestyle Tech Quiz Prativa Vikash 2026 No Result View All Result No Result View All Result Home » Rat in Blinkit freezer, spoiled KFC chicken: Food safety crackdown intensifies across India Rat in Blinkit freezer, spoiled KFC chicken: Food safety crackd",2026-09-25
FS-1772436567,From restaurant raids to warning labels: India's food safety crackdown intensifies,,,,2026-09-08,,,From restaurant raids to warning labels: India's food safety crackdown intensifies - India Today,Pest infestation; Expired food; Adulteration; Labelling / date-marking; Water / ice safety; Poor hygiene / sanitation; Licensing / registration,closure; inspection; raided; raid,,,News report — corroboration recommended,India Today,Other,https://www.indiatoday.in/business/story/from-restaurant-raids-to-warning-labels-indias-food-safety-crackdown-intensifies-2989783-2026-09-08,From restaurant raids to warning labels: India’s food safety crackdown intensifies - India Today India Today Aaj Tak India Today Hindi NewsTak GNTTV Lallantop Business Today Bangla Malayalam Northeast BT Bazaar Harper's Bazaar Sports Tak Astro Tak Gaming Brides Today Cosmopolitan Kisan Tak Reader’s Digest India Today Aaj Tak India Today Hindi NewsTak GNTTV Lallantop Business Today Bangla Malayalam Northeast Magazine Live TV Search SEARCH SIGN IN Edition IN IN US Home TV Live TV Primetime Magazine Latest Edition Insight Best Colleges India Today Hindi Jobs India Business All Business News Share Market IPO Personal Finance Companies Life+Style Puzzles South Global Sports All Sports Asian Games,2026-09-25
FS-33EB4A1511,Stepping Up to the Plate: Will India finally manage to clean up its food?,,,,2026-08-29,,,Stepping Up to the Plate: Will India finally manage to clean up its food? - Open Magazine,Pest infestation; Expired food; Adulteration; Labelling / date-marking; Water / ice safety; Poor hygiene / sanitation; Equipment / premises; Licensing / registration,closed; closure; fine; raided; raid,,,News report — corroboration recommended,Open Magazine,Other,https://openthemagazine.com/india/stepping-up-to-the-plate-will-india-finally-manage-to-clean-up-its-food,"India’s Food Safety Reckoning: Raids, Restaurant Closures and the Crackdown on Dirty Kitchens and Analogue Paneer Logo Go Ad-Free Home India World Politics Sports Business Columns Entertainment Art & Culture Books Technology Open Avenues Archives Movies Cover Stories Features Health Digital Stories Logo Home India World Politics Entertainment Sports Logo Home India Stepping Up to the Plate: Will India finally manage to clean up its food? Stepping Up to the Plate: Will India finally manage to clean up its food? Lhendup G Bhutia Last Updated: August 29, 2026, 09:32 IST Share Share An unprecedented crackdown on restaurants and packaged products by a maverick bureaucrat in Maharashtra. Actions e",2026-09-25
FS-91E425C524,"No need for raids, whips in Delhi. Many don’t know the rules, says city FSSAI chief",,,,2026-08-27,,,"No need for raids, whips in Delhi. Many don’t know the rules, says city FSSAI chief - ThePrint",Pest infestation; Expired food; Spoiled / stale food; Labelling / date-marking; Temperature control; Cross-contamination / segregation; Water / ice safety; Poor hygiene / sanitation; Food-handler hygiene; Licensing / registration,raided; raid,,,News report — corroboration recommended,ThePrint,Other,https://theprint.in/feature/around-town/no-need-for-raids-whips-in-delhi-many-dont-know-the-rules-says-city-fssai-chief/3026631/,"No need for raids, whips in Delhi. Many don't know the rules, says city FSSAI chief Politics Ground Reports Opinion National Interest PoV 50-Word Edit Defence Diplomacy India Economy ThePrint On Camera Videos In Pictures Society & Culture Around Town Book Excerpts Vigyapanti The Dating Story Health Science Science Tech World Events Off The Cuff The Speakers Bureau School of Journalism ThePrint Store More Judiciary Education YourTurn Work With Us Campus Voice Search Add ThePrint as a trusted source ✕ Youtube Twitter Instagram Facebook Whatsapp Telegram LinkedIn Friday, September 25, 2026 Celebrating 9 Years Support Our Journalism Politics Ground Reports Opinion National Interest PoV 50-Word E",2026-09-25
FS-EF95865E0A,TG SAFE suspends FSSAI liscense for 4 restaurants in Hyderabad,,,,2026-09-10,,,TG SAFE suspends FSSAI liscense for 4 restaurants in Hyderabad - The Siasat Daily,Pest infestation; Expired food; Spoiled / stale food; Microbial / fungal contamination; Labelling / date-marking; Temperature control; Water / ice safety; Poor hygiene / sanitation; Equipment / premises; Food-handler hygiene; Licensing / registration; Storage / packaging,closed; fine; raid,,,News report — corroboration recommended,The Siasat Daily,Other,https://www.siasat.com/tg-safe-suspends-fssai-liscense-for-4-restaurants-in-hyderabad-3539931/,"TG SAFE suspends FSSAI liscense for 4 restaurants in Hyderabad Hyderabad Telangana India Middle East Entertainment Sports Business Photos Videos Menu Search for Home Hyderabad Telangana India Middle East Entertainment Sports Business Photos Videos Sidebar Siasat.com / News / Hyderabad / TG SAFE suspends FSSAI liscense for 4 restaurants in Hyderabad TG SAFE suspends FSSAI liscense for 4 restaurants in Hyderabad Twenty-one food establishments in Banjara Hills were checked. These include restaurants, bakeries, sweet shops, hotels and hostels. Mir Alamgir | Edited by Veena Nair | Published: 10th September 2026 8:16 pm IST Hyderabad: The Telangana Standards Authority for Food and Essential Drugs",2026-09-25
FS-3A3C4048F4,India Intensifies Food Safety Crackdown With Restaurant Raids and Warning Labels,,,,2026-09-12,,,India Intensifies Food Safety Crackdown With Restaurant Raids and Warning Labels - colombiaone.com,Pest infestation; Expired food; Spoiled / stale food; Adulteration; Labelling / date-marking; Water / ice safety; Poor hygiene / sanitation; Waste / drainage; Equipment / premises; Storage / packaging,inspection; raid,,,News report — corroboration recommended,colombiaone.com,Other,https://colombiaone.com/2026/09/12/india-food-safety-crackdown/,India Intensifies Food Safety Crackdown With Restaurant Raids Facebook Instagram TikTok X Youtube News Politics Culture Travel Business History Food Music World Sports Newsletter About Us Mission ColombiaOne Team Join the Team Terms of Use Privacy Policy Contact Search Crypto News News Culture Travel Business History Politics World Tech Music Food Sports Colombia National Team World Cup 2026 More Facebook Instagram Linkedin TikTok X Youtube Newsletter Newsletter Search News Culture Travel Business History Politics World Tech Music Food Sports Colombia National Team World Cup 2026 Search ColombiaOne.com Food India Intensifies Food Safety Crackdown With Restaurant Raids and Warning Labels Indi,2026-09-25
FS-124AA09C0C,"Food Safety officials raid restaurant, case booked",,,,2026-06-01,,,"Food Safety officials raid restaurant, case booked - The Hindu",Pest infestation; Spoiled / stale food; Water / ice safety; Equipment / premises,seized; raided; raid,,,News report — corroboration recommended,The Hindu,News,https://www.thehindu.com/news/national/andhra-pradesh/food-safety-officials-raid-restaurant-case-booked/article71049887.ece,"Food Safety officials raid restaurant, case booked - The Hindu You are logged in Loading... LOGOUT You don’t have any Active Subscription. Subscribe now Subscribed with another email? Logout and Login with that one. Your active subscription(s) Account subscription benefits alongside Premium Stories, Editorials, Opinions and more. Unlock these with Subscription Products you've access to Additional Subscription Benefits eBooks Webinars Newsletters Games Monthly Digest Account Settings Go to My Account Bookmarks Manage Subscriptions Need help with your subscription? customersupport@thehindu.co.in 1800 102 1878 Weather News September 25, 2026 e-Paper LOGIN Account eBooks Subscribe Search Live No",2026-09-25
FS-56FCCEE0C7,"Bengaluru: More restaurants, including KFC & McDonald's, come under FDA, trigger intense raids on kitchens",,,,2026-08-10,,,"Bengaluru: More restaurants, including KFC & McDonald's, come under FDA, trigger intense raids on kitchens - Deccan Herald",Pest infestation; Water / ice safety; Equipment / premises,inspection; raided; raid,,,News report — corroboration recommended,Deccan Herald,News,https://www.deccanherald.com/india/karnataka/bengaluru/bengaluru-more-restaurants-including-kfc-mcdonalds-come-under-fda-trigger-intense-raids-on-kitchens-4106406,"Bengaluru: More restaurants come under FDA, trigger intense raids on kitchens Subscribe India Karnataka Premium Opinion World Business Sports Video Entertainment Politics Bengaluru Features Health Education Technology DH Brandspot Subscribe Home News Shots Epaper Menu Go Ad Lite Advertisement. Story continues below. Go Ad Lite Home india karnataka bengaluru Bengaluru: More restaurants, including KFC & McDonald's, come under FDA, trigger intense raids on kitchens The hotel kitchens that were raided continue to function. But the department has issued notices. Amullya Shivashankar Last Updated : 11 August 2026, 03:37 IST Story continues below. Go Ad Lite Join Us Prefer Comments International fo",2026-09-25
FS-1F5FFD65C7,"AHAR challenges Maharashtra FDA crackdown, to approach FSSAI and Union Health Ministry",,,,2026-08-05,,,"AHAR challenges Maharashtra FDA crackdown, to approach FSSAI and Union Health Ministry - Mid-Day",Pest infestation,raid,,,News report — corroboration recommended,Mid-Day,Other,https://www.mid-day.com/mumbai/mumbai-news/article/fda-crackdown-sparks-fresh-face-off-with-maharashtras-hotel-industry-23643210,"Maharashtra FDA crackdown sparks row as AHAR moves FSSAI, Union Health Ministry Home / Mumbai / Mumbai News / Article / AHAR challenges Maharashtra FDA crackdown, to approach FSSAI and Union Health Ministry AHAR challenges Maharashtra FDA crackdown, to approach FSSAI and Union Health Ministry Updated On: 05 August, 2026 08:11 AM IST | Mumbai | Abhitash Singh A fresh dispute has erupted between Maharashtra's FDA and the hotel industry after the regulator intensified action against food safety violations. AHAR plans to approach the FSSAI and the Union Health Ministry, questioning whether some recent FDA notifications are in line with the Food Safety and Standards Act, 2006 Listen to this artic",2026-09-25
FS-EA83BB8715,"Cockroaches, rotten food, open bins: 4 Bhopal restaurants fail safety checks",,,,2026-09-18,,,"Cockroaches, rotten food, open bins: 4 Bhopal restaurants fail safety checks - India Today",Pest infestation; Expired food; Spoiled / stale food; Water / ice safety; Poor hygiene / sanitation; Waste / drainage; Equipment / premises; Medical / training records; Licensing / registration; Storage / packaging,destroyed; inspection; raid,,,News report — corroboration recommended,India Today,Other,https://www.indiatoday.in/cities/bhopal/story/bhopal-food-safety-raids-cockroaches-expired-food-filth-open-dustbins-four-restaurants-2997296-2026-09-18,"Bhopal food safety raids find cockroaches, expired food, open dustbins, filth at four restaurants - Bhopal News | India Today India Today Aaj Tak India Today Hindi NewsTak GNTTV Lallantop Business Today Bangla Malayalam Northeast BT Bazaar Harper's Bazaar Sports Tak Astro Tak Gaming Brides Today Cosmopolitan Kisan Tak Reader’s Digest India Today Aaj Tak India Today Hindi NewsTak GNTTV Lallantop Business Today Bangla Malayalam Northeast Magazine Live TV Search SEARCH SIGN IN Edition IN IN US Home TV Live TV Primetime Magazine Latest Edition Insight Best Colleges India Today Hindi Jobs India Business All Business News Share Market IPO Personal Finance Companies Life+Style Puzzles South Global",2026-09-25
FS-1567370D5D,"Ahead of festive season, food safety crackdown widens across India; restaurants, adulteration, spirits on target",,,,2026-08-18,,,"Ahead of festive season, food safety crackdown widens across India; restaurants, adulteration, spirits on target - The Statesman",Pest infestation; Spoiled / stale food; Adulteration; Water / ice safety,seized; destroyed; inspection,,,News report — corroboration recommended,The Statesman,Other,https://www.thestatesman.com/india/ahead-of-festive-season-food-safety-crackdown-widens-across-india-restaurants-adulteration-spirits-on-target-1503628742.html,"Ahead of festive season, food safety crackdown widens across India; restaurants, adulteration, spirits on target - The Statesman All Sections Home India World Business Sports Entertainment Opinion Law Lifestyle Dainik Statesman More Web Stories Technology Exclusive Interviews Features Photo Videos Cities Travel Education Law Epaper Bhubaneswar Delhi Kolkata Siliguri Dainik Statesman Home India World Business Sports Entertainment Opinion Law Lifestyle Dainik Statesman More Web Stories Technology Exclusive Interviews Features Photo Videos Cities Travel Education Law Epaper Bhubaneswar Delhi Kolkata Siliguri Dainik Statesman Home India World Business Sports Entertainment Opinion Law Lifestyle D",2026-09-25
FS-95DD092C62,Food Safety Shock in Jamshedpur: Samples from 12 Popular Hotels and Food Outlets Fail Quality Tests,,,,2026-07-14,,,Food Safety Shock in Jamshedpur: Samples from 12 Popular Hotels and Food Outlets Fail Quality Tests - The Avenue Mail,Pest infestation; Adulteration; Water / ice safety,prosecution; samples collected; inspection; raid,,,News report — corroboration recommended,The Avenue Mail,Other,https://avenuemail.in/food-safety-shock-in-jamshedpur-samples-from-12-popular-hotels-and-food-outlets-fail-quality-tests/,"Food Safety Shock in Jamshedpur: Samples from 12 Popular Hotels and Food Outlets Fail Quality Tests | The Avenue Mail Home National State Politics Opinion Entertainment / Sports Utility Videos Epaper Search September 25, 2026 2:40 pm Home National State Politics Opinion Entertainment / Sports Utility Videos Epaper Search Home National State Politics Opinion Entertainment / Sports Utility Videos Epaper Search Home Jamshedpur Jamshedpur News Top Food Safety Shock in Jamshedpur: Samples from 12 Popular Hotels and Food Outlets Fail Quality Tests By News Desk Tuesday, 14 July 2026, 10:57:14 IST 0 Facebook WhatsApp X Telegram Food Safety Shock in Jamshedpur: Samples from 12 Popular Hotels and Food",2026-09-25
FS-17EE015E0E,50% of food samples collected by Food Safety department officials found to be unsafe,,,,2025-11-07,,,50% of food samples collected by Food Safety department officials found to be unsafe - The Hindu,Pest infestation; Spoiled / stale food; Adulteration; Water / ice safety; Waste / drainage; Equipment / premises,seized; prosecution; samples collected; raid,,,News report — corroboration recommended,The Hindu,News,https://www.thehindu.com/news/national/andhra-pradesh/50-of-food-samples-collected-by-food-safety-department-officials-found-to-be-unsafe/article70252244.ece,"50% of food samples collected by Food Safety department officials found to be unsafe - The Hindu You are logged in Loading... LOGOUT You don’t have any Active Subscription. Subscribe now Subscribed with another email? Logout and Login with that one. Your active subscription(s) Account subscription benefits alongside Premium Stories, Editorials, Opinions and more. Unlock these with Subscription Products you've access to Additional Subscription Benefits eBooks Webinars Newsletters Games Monthly Digest Account Settings Go to My Account Bookmarks Manage Subscriptions Need help with your subscription? customersupport@thehindu.co.in 1800 102 1878 Weather News September 22, 2026 e-Paper LOGIN Accou",2026-09-25
FS-5FF1FBC59F,Hyderabad ranks lowest food hygiene standards among major cities,,,,2026-06-20,,,Hyderabad ranks lowest food hygiene standards among major cities - The Siasat Daily,Pest infestation; Water / ice safety; Poor hygiene / sanitation; Licensing / registration; Storage / packaging,inspection; raid,,,News report — corroboration recommended,The Siasat Daily,Other,https://www.siasat.com/hyderabad-ranks-lowest-food-hygiene-standards-among-major-cities-3493145/,Hyderabad ranks lowest food hygiene standards among major cities Hyderabad Telangana India Middle East Entertainment Sports Business Photos Videos Menu Search for Home Hyderabad Telangana India Middle East Entertainment Sports Business Photos Videos Sidebar Siasat.com / News / Hyderabad / Hyderabad ranks lowest food hygiene standards among major cities Hyderabad ranks lowest food hygiene standards among major cities Officials of the food safety department attributed the poor performance to a lack of interest among the hotel or restaurant owners. News Desk Follow on Twitter | Edited by Khadija Irfan Rahim | Published: 20th June 2026 9:06 pm IST Representative Image Hyderabad: Telangana’s Hyde,2026-09-25
FS-F908D4BB03,"Rat in Blinkit freezer, spoiled KFC chicken: Food safety norms flouted across India, regulators crack whip | India News",,,,2026-08-16,,,"Rat in Blinkit freezer, spoiled KFC chicken: Food safety norms flouted across India, regulators crack whip | India News - Hindustan Times",Pest infestation; Expired food; Spoiled / stale food; Microbial / fungal contamination; Labelling / date-marking; Cross-contamination / segregation; Water / ice safety; Poor hygiene / sanitation; Equipment / premises; Licensing / registration; Storage / packaging,seized; samples collected; inspection; raid,,,News report — corroboration recommended,Hindustan Times,News,https://www.hindustantimes.com/india-news/rat-in-blinkit-freezer-spoiled-kfc-chicken-food-safety-norms-flouted-across-india-regulators-crack-whip-101786859600388.html,"Rat in Blinkit freezer, spoiled KFC chicken: Food safety norms flouted across India, regulators crack whip | India News Thu, Sep 17, 2026 New Delhi 0 o C E-Paper Subscribe Subscribe Enjoy unlimited access Subscribe Now! Get features like Ad lite A Minimal Ad Experience HT Premium Articles Expertly crafted articles Quickreads Segment News brief in summary format HT E-paper Access digital news experience Subscribe Now Edit Profile Subscribe Now Saved Articles Following My Reads Sign out Get App Home HTLS 2025 Astrology India News Lifestyle Entertainment Elections Trending HT Cricket Videos Education Photos Sports Cities Daily Digest Quickreads Opinion Analysis For You Following Science HT Gove",2026-09-25
FS-D3080ADE7E,"Karnataka food safety department issues 12-point advisory to hotels, restaurants amid crackdown",,,,2026-08-12,,,"Karnataka food safety department issues 12-point advisory to hotels, restaurants amid crackdown - Livemint",Pest infestation; Expired food; Microbial / fungal contamination; Labelling / date-marking; Temperature control; Cross-contamination / segregation; Water / ice safety; Poor hygiene / sanitation; Waste / drainage; Equipment / premises; Food-handler hygiene; Storage / packaging,disposed; closure; fine; inspection; raid,,,News report — corroboration recommended,Livemint,Other,https://www.livemint.com/news/india/karnataka-food-safety-department-issues-12-point-advisory-to-hotels-restaurants-amid-crackdown-11786520231876.html,"Karnataka food safety department issues 12-point advisory to hotels, restaurants amid crackdown | Today News Subscribe Sign in View Market Dashboard Home Markets Market News Stock Markets IPO Mint Portfolio US Markets Mark to Market Bonds Commodities Cryptocurrency Market Data Stock Pages Index pages Commodities Gold Price Today Silver Price Today Fuel Petrol price today Diesel price today News India World WSJ Economist US News Trends Mint Portfolio Money Personal Finance Insurance Ask Mint Money Mutual Funds MyMint Latest news NSE IPO Premium e-paper Global Partners WSJ Economist Barron's Mint Specials Mint Explainers Mark to Market Long Story Plain Facts Snapview Sections Companies Technol",2026-09-25
FS-B0DB36DE36,Vande Bharat Food Under Scanner? Karnataka Expands Food Safety Checks To Railway Catering,,,,2026-08-20,,,Vande Bharat Food Under Scanner? Karnataka Expands Food Safety Checks To Railway Catering - curlytales.com,Pest infestation; Expired food; Microbial / fungal contamination; Labelling / date-marking; Water / ice safety; Equipment / premises; Storage / packaging,destroyed; inspection,,,News report — corroboration recommended,curlytales.com,Other,https://curlytales.com/india/trending/vande-bharat-food-under-scanner-karnataka-expands-food-safety-checks-to-railway-catering/,"Vande Bharat Food Under Scanner? Karnataka Expands Food Safety Checks To Railway Catering | Curly Tales Food Discover Plan CT Review Celebrity Interviews Discover In Italy, Cappuccino After 11 AM Is A… 9 hours ago Discover Buy A Coffee & Get One Free This… 1 day ago Discover Badam Ki Jali: The 200-YO Almond Sweet That… 2 days ago Discover Taj Opens Luxury Resort Near Tadoba Tiger Reserve… 3 days ago Plan Where To Celebrate Oktoberfest In Delhi: 10 Spots… 1 day ago Plan From Galho To Akibiye: 5 Authentic Dishes To… 12 days ago Plan Where To Enjoy Ganesh Chaturthi Special Meals In… 14 days ago Plan From Baklava To Apple Pie, 10 Modern Modaks… 14 days ago CT Review At Navi Mumbai’s Manuka Bakeh",2026-09-25
FS-D3313214F0,"40 restaurants, sweet shops shut in Kolkata over safety norms",,,,2026-09-09,,,"40 restaurants, sweet shops shut in Kolkata over safety norms - The Times of India",Pest infestation; Adulteration; Temperature control; Water / ice safety; Poor hygiene / sanitation; Equipment / premises; Food-handler hygiene; Licensing / registration; Storage / packaging,destroyed; inspection; raid,,,News report — corroboration recommended,The Times of India,News,https://timesofindia.indiatimes.com/city/kolkata/40-restaurants-sweet-shops-shut-in-kolkata-over-safety-norms/articleshow/133940528.cms,"40 restaurants, sweet shops shut in Kolkata over safety norms | Kolkata News - The Times of India Edition IN IN US GCC English English à¤¹à¤¿à¤¨à¥à¤¦à¥ à¤®à¤°à¤¾à¤ à¥ à²à²¨à³à²¨à²¡ à®¤à®®à®¿à®´à¯ à¦¬à¦¾à¦à¦²à¦¾ à´®à´²à´¯à´¾à´³à´ à°¤à±à°²à±à°à± àªà«àªàª°àª¾àª¤à« Weather Sign In TOI City kolkata mumbai delhi bengaluru Hyderabad chennai Crime News agra agartala ahmedabad ajmer amaravati amritsar bareilly bhubaneswar bhopal chandigarh chhatrapati sambhajinagar coimbatore cuttack dehradun erode faridabad ghaziabad goa gurgaon guwahati hubballi imphal indore itanagar jaipur jammu jamshedpur jodhpur kanpur kochi kohima kolhapur kozhikode ludhiana lucknow madurai mangaluru meerut mum",2026-09-25
FS-F488504D9A,Andhra Pradesh: Rs 5.65L fine imposed for food safety violations,,,,2026-06-29,,,Andhra Pradesh: Rs 5.65L fine imposed for food safety violations - The New Indian Express,Pest infestation; Expired food; Water / ice safety; Equipment / premises; Licensing / registration,seizure; penalty; fine; inspection,,,News report — corroboration recommended,The New Indian Express,News,https://www.newindianexpress.com/cities/vijayawada/2026/Jun/29/andhra-pradesh-rs-565l-fine-imposed-for-food-safety-violations,"Andhra Pradesh: Rs 5.65L fine imposed for food safety violations Subscribe E-PAPER INDIA WORLD STATES CITIES OPINION EXPLAINER BUSINESS SPORTS GOOD NEWS ENTERTAINMENT VIDEOS LIVE BLOG INDIA WORLD STATES CITIES OPINION EXPLAINER BUSINESS SPORTS GOOD NEWS ENTERTAINMENT VIDEOS LIVE BLOG Vijayawada Andhra Pradesh: Rs 5.65L fine imposed for food safety violations The offences included conducting business without a valid FSSAI licence, selling expired food items and operating establishments under unsafe and unsanitary conditions. Image used for representation only Photo | Express illustrations Express News Service Updated on : 29 Jun 2026, 3:25 am 1 min read Copied VIJAYAWADA: The NTR district adm",2026-09-25
FS-F2E566858F,"Indore man finds worm in momo, food department issues notice to restaurant",,,,2026-08-30,,,"Indore man finds worm in momo, food department issues notice to restaurant - India Today",Pest infestation; Water / ice safety; Poor hygiene / sanitation; Equipment / premises; Storage / packaging,closed; inspection,,,News report — corroboration recommended,India Today,Other,https://www.indiatoday.in/cities/indore/story/indore-momo-worm-complaint-food-department-issues-notice-to-v-r-one-restaurant-2983168-2026-08-30,Indore momo worm complaint: Food department issues notice to V-R-One restaurant - Indore News | India Today India Today Aaj Tak India Today Hindi NewsTak GNTTV Lallantop Business Today Bangla Malayalam Northeast BT Bazaar Harper's Bazaar Sports Tak Astro Tak Gaming Brides Today Cosmopolitan Kisan Tak Reader’s Digest India Today Aaj Tak India Today Hindi NewsTak GNTTV Lallantop Business Today Bangla Malayalam Northeast Magazine Live TV Search SEARCH SIGN IN Edition IN IN US Home TV Live TV Primetime Magazine Latest Edition Insight Best Colleges India Today Hindi Jobs India Business All Business News Share Market IPO Personal Finance Companies Life+Style Puzzles South Global Sports All Sports,2026-09-25
FS-40D5364F5B,"Bengaluru hotels raided: 132 kg rotten food, fungus-infected meat, expired curd seized in Karnataka's food safety drive",,,,2026-08-10,,,"Bengaluru hotels raided: 132 kg rotten food, fungus-infected meat, expired curd seized in Karnataka's food safety drive - Livemint",Pest infestation; Expired food; Spoiled / stale food; Microbial / fungal contamination; Labelling / date-marking; Water / ice safety; Equipment / premises; Storage / packaging,seized; seizure; destroyed; disposed; inspection; raided; raid,,,News report — corroboration recommended,Livemint,Other,https://www.livemint.com/news/india/bengaluru-hotels-raided-132-kg-rotten-food-fungus-infected-meat-expired-curd-seized-in-karnatakas-food-safety-drive-11786331852127.html,"Bengaluru hotels raided: 132 kg rotten food, fungus-infected meat, expired curd seized in Karnataka's food safety drive | Today News Subscribe Sign in View Market Dashboard Home Markets Market News Stock Markets IPO Mint Portfolio US Markets Mark to Market Bonds Commodities Cryptocurrency Market Data Stock Pages Index pages Commodities Gold Price Today Silver Price Today Fuel Petrol price today Diesel price today News India World WSJ Economist US News Trends Mint Portfolio Money Personal Finance Insurance Ask Mint Money Mutual Funds MyMint Latest news NSE IPO Premium e-paper Global Partners WSJ Economist Barron's Mint Specials Mint Explainers Mark to Market Long Story Plain Facts Snapview Se",2026-09-25
FS-0D67249834,FSSAI licence suspended for Chhatrapati Sambhajinagar restaurant after major violations discovered,,,,2026-08-22,,,FSSAI licence suspended for Chhatrapati Sambhajinagar restaurant after major violations discovered - The Economic Times,Pest infestation; Spoiled / stale food; Microbial / fungal contamination; Labelling / date-marking; Temperature control; Water / ice safety; Poor hygiene / sanitation; Equipment / premises; Licensing / registration; Storage / packaging,licence suspended; penalty; inspection,,,News report — corroboration recommended,The Economic Times,Other,https://economictimes.indiatimes.com/news/india/fssai-licence-suspended-for-chhatrapati-sambhajinagar-restaurant-after-major-violations-discovered/articleshow/133417199.cms?from=mdr,"FSSAI licence suspended for Chhatrapati Sambhajinagar restaurant after major violations discovered - The Economic Times Benchmarks Nifty 24,252.00 20.16 FEATURED FUNDS ★★★ ★★ Motilal Oswal Midcap Fund Direct-Growth 5Y Return 24.08 % Invest Now Enter search text: News English Edition English Edition हिन्दी ગુજરાતી मराठी বাংলা ಕನ್ನಡ മലയാളം தமிழ் తెలుగు | Today's ePaper My Watchlist Subscribe Sign In Home ETPrime Markets Market Data Masterclass News Industry SME Politics Wealth MF Tech AI Careers Opinion NRI Panache More Menu India Economy Economy Dashboard Agriculture Finance Foreign Trade Indicators Infrastructure Policy Politics Newsblogs Elections Assembly Elections Sports Cricket Football",2026-09-25
FS-E986BF65C3,Before the FDA walks in: How restaurants audit kitchens and food safety,,,,2026-08-29,,,Before the FDA walks in: How restaurants audit kitchens and food safety - Business Standard,Pest infestation; Expired food; Labelling / date-marking; Temperature control; Cross-contamination / segregation; Water / ice safety; Poor hygiene / sanitation; Waste / drainage; Equipment / premises; Licensing / registration; Storage / packaging,licence suspended; closed; inspection; raid,,,News report — corroboration recommended,Business Standard,Other,https://www.business-standard.com/industry/news/maharashtra-fda-inspection-restaurants-audit-kitchens-food-safety-fssai-126082900302_1.html,"Before the FDA walks in: How restaurants audit kitchens and food safety | Industry News - Business Standard Friday, September 25, 2026 | 02:41 PM IST हिंदी में पढें Home Industry Auto Banking Aviation SME Agriculture Home / Industry / News / Before the FDA walks in: How restaurants audit kitchens and food safety Before the FDA walks in: How restaurants audit kitchens and food safety Maharashtra FDA's crackdown has exposed lapses in storage, pest control, hygiene; but in a professionally run kitchen, what systems are supposed to catch these problems before the regulator does? Food safety in a restaurant extends beyond a clean kitchen, covering supplier checks, storage, temperature control, pe",2026-09-25
FS-AB1949D507,"FSSAI licence suspended, Zayaka Food Court in Kondapur ordered to shut as inspections uncover hygiene violations",,,,2026-06-25,,,"FSSAI licence suspended, Zayaka Food Court in Kondapur ordered to shut as inspections uncover hygiene violations - The Hindu",Pest infestation; Expired food; Spoiled / stale food; Adulteration; Cross-contamination / segregation; Water / ice safety; Poor hygiene / sanitation; Equipment / premises; Food-handler hygiene; Licensing / registration; Storage / packaging; Corrective action completed,licence suspended; closed; inspection,,,News report — corroboration recommended,The Hindu,News,https://www.thehindu.com/news/cities/Hyderabad/fssai-licence-suspended-outlet-in-madhapur-ordered-to-shut-as-inspections-uncover-hygiene-violations/article71145011.ece,"FSSAI licence suspended, Zayaka Food Court in Kondapur ordered to shut as inspections uncover hygiene violations - The Hindu You are logged in Loading... LOGOUT You don’t have any Active Subscription. Subscribe now Subscribed with another email? Logout and Login with that one. Your active subscription(s) Account subscription benefits alongside Premium Stories, Editorials, Opinions and more. Unlock these with Subscription Products you've access to Additional Subscription Benefits eBooks Webinars Newsletters Games Monthly Digest Account Settings Go to My Account Bookmarks Manage Subscriptions Need help with your subscription? customersupport@thehindu.co.in 1800 102 1878 Weather News September",2026-09-25
FS-209DB0216C,"Maharashtra FDA suspends licenses of Radio Club, McDonald's outlet in south Mumbai",,,,2026-08-21,,,"Maharashtra FDA suspends licenses of Radio Club, McDonald's outlet in south Mumbai - The New Indian Express",Pest infestation; Temperature control; Cross-contamination / segregation; Water / ice safety; Poor hygiene / sanitation; Waste / drainage; Equipment / premises; Food-handler hygiene; Licensing / registration; Storage / packaging; Corrective action completed,licence suspended; inspection; raid,,,News report — corroboration recommended,The New Indian Express,News,https://www.newindianexpress.com/states/maharashtra/2026/Aug/21/maharashtra-fda-suspends-licenses-of-radio-club-mcdonalds-outlet-in-south-mumbai,"Maharashtra FDA suspends licenses of Radio Club, McDonald's outlet in south Mumbai Subscribe E-PAPER INDIA WORLD STATES CITIES OPINION EXPLAINER BUSINESS SPORTS GOOD NEWS ENTERTAINMENT VIDEOS LIVE BLOG INDIA WORLD STATES CITIES OPINION EXPLAINER BUSINESS SPORTS GOOD NEWS ENTERTAINMENT VIDEOS LIVE BLOG Maharashtra Maharashtra FDA suspends licenses of Radio Club, McDonald's outlet in south Mumbai In a recent special drive, FDA inspected 89 hotels, restaurants and dhabas across the state and issued improvement notices to 71 establishments and suspended licences of 13 food establishments. Hardcastle Restaurants Pvt Ltd's McDonald's Family Restaurant kiosk at Metro House in Colaba also faced imme",2026-09-25
FS-6C2AF1655E,Cockroach infestation to expired food: Why FDA suspended licences of 5 Mumbai clubs,,,,2026-07-28,,,Cockroach infestation to expired food: Why FDA suspended licences of 5 Mumbai clubs - CNBC TV18,Pest infestation; Expired food; Microbial / fungal contamination; Labelling / date-marking; Temperature control; Cross-contamination / segregation; Water / ice safety; Poor hygiene / sanitation; Waste / drainage; Equipment / premises; Food-handler hygiene; Licensing / registration; Storage / packaging,seized; seizure; notice issued; licence suspended; fine; inspection; raid,,,News report — corroboration recommended,CNBC TV18,Other,https://www.cnbctv18.com/india/cockroach-infestation-to-expired-food-why-fda-suspended-licences-of-5-mumbai-clubs-19956029.htm,Cockroach infestation to expired food: Why FDA suspended licences of 5 Mumbai clubs - CNBC TV18 Join Us Log in / Sign up Language English हिन्दी Latest news Live Updates CNBC-TV18 Prime Markets Markets Data Stocks IPOs Business Personal Finance Impact Shorts Economy India World Upcoming Events Engage with CNBC-TV18 Photos Videos Minis Web Stories Polls Quiz Healthcare Politics Travel Education & Careers Sports Views Auto Entertainment Technology Startups Lifestyle Retail Real Estate Minis Special Coverage India Business Leader Awards Branded Content HealthX Elevate India Retirement Insights Summit The Growth Summit Ceo awards Accelerate Your Cloud Journey Accelerating to a Connected Future F,2026-09-25
FS-9258AD165B,Mumbai's iconic Poornima Restaurant loses FSSAI licence amid Maharashtra FDA's hygiene crackdown,,,,2026-07-28,,,Mumbai's iconic Poornima Restaurant loses FSSAI licence amid Maharashtra FDA's hygiene crackdown - wionews.com,Pest infestation; Expired food; Microbial / fungal contamination; Temperature control; Cross-contamination / segregation; Water / ice safety; Poor hygiene / sanitation; Waste / drainage; Equipment / premises; Food-handler hygiene; Licensing / registration; Storage / packaging; Corrective action completed,licence suspended; closure; fine; inspection,,,News report — corroboration recommended,wionews.com,Other,https://www.wionews.com/india-news/mumbai-s-iconic-poornima-restaurant-loses-fssai-licence-amid-maharashtra-fda-s-hygiene-crackdown-1785237730545,"Mumbai's iconic Poornima Restaurant loses FSSAI licence amid Maharashtra FDA's hygiene crackdown Live TV LOGIN v logout Live TV Latest Gravitas World India Entertainment Hollywood Bollywood Sports Opinions videos Photos TV Shows Mission Sustainability Wion / India / Mumbai's iconic Poornima Restaurant loses FSSAI licence amid Maharashtra FDA's hygiene crackdown Mumbai's iconic Poornima Restaurant loses FSSAI licence amid Maharashtra FDA's hygiene crackdown Authored By Disha Shah Published: Jul 28, 2026, 16:58 IST | Updated: Jul 28, 2026, 17:53 IST Mumbai's iconic Poornima Restaurant Story highlights The inspection, conducted on July 23, led the FDA to suspend the restaurant's licence with im",2026-09-25
FS-46421029AC,"Cockroaches found, but licence restored: Why Bombay HC's 'We're in India' remark matters amid Mumbai's FDA...",,,,2026-07-30,,,"Cockroaches found, but licence restored: Why Bombay HC's 'We're in India' remark matters amid Mumbai's FDA... - Moneycontrol.com",Pest infestation; Water / ice safety; Poor hygiene / sanitation; Waste / drainage; Equipment / premises; Licensing / registration; Storage / packaging; Corrective action completed; Licence restored / suspension revoked,licence suspended; inspection,,,News report — corroboration recommended,Moneycontrol.com,Other,https://www.moneycontrol.com/city/cockroaches-found-but-licence-restored-why-bombay-hc-s-we-re-in-india-remark-matters-amid-mumbai-s-fda-crackdown-article-13987891.html,"Cockroaches found, but licence restored: Why Bombay HC's 'We're in India' remark matters amid Mumbai's FDA crackdown Select language English Hindi Gujarati Specials Search Quotes, News, Mutual Fund NAVs Quotes Mutual Funds ETFs Commodities Futures & Options Unlisted Shares Currency News Topic Cryptocurrency Forum Notices Videos Glossary All My Alerts Go Ad-Free Hello, Login Hello, Login Log-in or Sign-Up My Account My Profile My Portfolio My Watchlist My Alerts My Messages Price Alerts My Profile My PRO My Portfolio My Watchlist My Alerts My Messages Price Alerts Logout Loans up to ₹50 LAKHS Fixed Deposits Credit Cards Lifetime Free Credit Score Loan against MFs Chat with Us Download App Fol",2026-09-25
FS-7A4D9258C5,"60-Year-Old Mumbai Udupi Restaurant Closed After FDA Finds Fungal Vegetables, Poor Hygiene",,,,2026-07-28,,,"60-Year-Old Mumbai Udupi Restaurant Closed After FDA Finds Fungal Vegetables, Poor Hygiene - Mumbai Live",Pest infestation; Microbial / fungal contamination; Temperature control; Water / ice safety; Poor hygiene / sanitation; Equipment / premises; Food-handler hygiene; Licensing / registration; Corrective action completed,licence suspended; closed; closure; fine; inspection,,,News report — corroboration recommended,Mumbai Live,Other,https://www.mumbailive.com/en/civic/60-year-old-mumbai-udupi-restaurant-closed-after-fda-finds-fungal-vegetables-poor-hygiene-93725,"60-Year-Old Mumbai Udupi Restaurant Closed After FDA Finds Fungal Vegetables, Poor Hygiene MENU Politics Civic Civic Crime Infrastructure Transport Environment Health Education Society Society Business Share Market Real Estate Commodity Market Culture Art Festivals Lifestyle Lifestyle Food & Beverage Tech Fashion Entertainment Entertainment Bollywood Marathi film Theatre Music & Dance Events Television Digital Sports Sports Cricket Football Kabaddi Events Deals & Offers Friday, September 25, 2026 MUMBAI LIVE IN: मराठी हिंदी Civic Politics Society Business Lifestyle Entertainment Sports Advertise with Us Menu Mumbai Rains Live Update 2026 City Updates COVID-19 Live Updates 2025 Civic Politics",2026-09-25
FS-6874EA1AB1,Mumbai food safety crackdown: Every licence suspended since Tukaram Mundhe took charge as FDA chief,,,,2026-07-30,,,Mumbai food safety crackdown: Every licence suspended since Tukaram Mundhe took charge as FDA chief - Mid-Day,Pest infestation; Water / ice safety; Poor hygiene / sanitation; Licensing / registration; Storage / packaging,licence suspended,,,News report — corroboration recommended,Mid-Day,Other,https://www.mid-day.com/mumbai/mumbai-news/article/tukaram-mundhes-fda-drive-full-list-of-mumbai-restaurants-clubs-and-bakeries-facing-licence-suspension-23642365,"Tukaram Mundhe's FDA drive: Full list of Mumbai restaurants, clubs, and bakeries that lost licences Home / Mumbai / Mumbai News / Article / Mumbai food safety crackdown: Every licence suspended since Tukaram Mundhe took charge as FDA chief Mumbai food safety crackdown: Every licence suspended since Tukaram Mundhe took charge as FDA chief Updated On: 30 July, 2026 02:50 PM IST | Mumbai | mid-day online correspondent The enforcement drive has focused on hygiene lapses, pest infestations, poor food storage practices, inadequate sanitation, missing statutory records, and other violations under the Food Safety and Standards Act, 2006 Listen to this article : Maharashtra Food and Drug Administrati",2026-09-25
FS-0DE37DD25C,"Delhi's Marche Retail faces FSSAI action; license suspended over hygiene, training lapses | India News",,,,2026-08-23,,,"Delhi's Marche Retail faces FSSAI action; license suspended over hygiene, training lapses | India News - Hindustan Times",Pest infestation; Adulteration; Labelling / date-marking; Water / ice safety; Poor hygiene / sanitation; Equipment / premises; Food-handler hygiene; Licensing / registration; Storage / packaging,license suspended; closure; inspection,,,News report — corroboration recommended,Hindustan Times,News,https://www.hindustantimes.com/india-news/delhi-marche-retail-faces-fssai-action-license-suspended-over-hygiene-training-lapses-sdp-industries-ghee-sale-ban-101787484137991.html,"Delhi's Marche Retail faces FSSAI action; license suspended over hygiene, training lapses | India News Tue, Sep 22, 2026 New Delhi 0 o C E-Paper Subscribe Subscribe Enjoy unlimited access Subscribe Now! Get features like Ad lite A Minimal Ad Experience HT Premium Articles Expertly crafted articles Quickreads Segment News brief in summary format HT E-paper Access digital news experience Subscribe Now Edit Profile Subscribe Now Saved Articles Following My Reads Sign out Get App Home HTLS 2025 Astrology India News Lifestyle Entertainment Elections Trending HT Cricket Videos Education Photos Sports Cities Daily Digest Quickreads Opinion Analysis For You Following Science HT Government HT Games P",2026-09-25
FS-92426F1684,"After ice-cream parlour K Rustom, FDA now suspends license of popular Parsi Dairy Farm in Mumbai",,,,2026-07-16,,,"After ice-cream parlour K Rustom, FDA now suspends license of popular Parsi Dairy Farm in Mumbai - The Times of India",Pest infestation; Microbial / fungal contamination; Adulteration; Labelling / date-marking; Water / ice safety; Poor hygiene / sanitation; Licensing / registration; Storage / packaging,seized; destroyed; license suspended; fine; inspection,,,News report — corroboration recommended,The Times of India,News,https://timesofindia.indiatimes.com/city/mumbai/after-ice-cream-parlour-k-rustom-fda-now-suspends-license-of-popular-parsi-dairy-farm-in-mumbai/articleshow/132442683.cms,"After ice-cream parlour K Rustom, FDA now suspends license of popular Parsi Dairy Farm in Mumbai | Mumbai News - The Times of India Edition IN IN US GCC English English à¤¹à¤¿à¤¨à¥à¤¦à¥ à¤®à¤°à¤¾à¤ à¥ à²à²¨à³à²¨à²¡ à®¤à®®à®¿à®´à¯ à¦¬à¦¾à¦à¦²à¦¾ à´®à´²à´¯à´¾à´³à´ à°¤à±à°²à±à°à± àªà«àªàª°àª¾àª¤à« Weather Sign In TOI Videos City Metro Cities mumbai delhi bengaluru Hyderabad kolkata chennai Other Cities City Crime News agra agartala ahmedabad ajmer amaravati amritsar bareilly bhubaneswar bhopal chandigarh chhatrapati sambhajinagar coimbatore cuttack dehradun erode faridabad ghaziabad goa gurgaon guwahati hubballi imphal indore itanagar jaipur jammu jamshedpur jodhpur kanpur kochi",2026-09-25
FS-10301B11DE,"Cockroaches, ants found in kitchen: Maharashtra FDA suspends Gallops’ licence",,,,2026-09-23,,,"Cockroaches, ants found in kitchen: Maharashtra FDA suspends Gallops’ licence - Moneycontrol.com",Pest infestation; Adulteration; Temperature control; Water / ice safety; Poor hygiene / sanitation; Waste / drainage; Equipment / premises; Food-handler hygiene; Licensing / registration; Storage / packaging,license suspended; inspection,,,News report — corroboration recommended,Moneycontrol.com,Other,https://www.moneycontrol.com/city/cockroaches-ants-found-in-kitchen-maharashtra-fda-suspends-gallops-licence-article-14035952.html/amp,"Cockroaches, ants found in kitchen: Maharashtra FDA suspends Gallops’ licence × English हिंदी ગુજરાતી Home My Feed Remove Ads Get Premium Content Go Pro @₹99 Loan Against Mutual Fund Apply Now Gold Loan Credit Cards Quick Loans ₹5,000-₹50 Lakhs Apply Now Credit Score Refer & Earn ₹500 Refer Now Finance Tracker Gamechangers Fixed Deposits Business Loan Markets Markets FII & DII Activity Corporate Action Research Advice Earnings Technical Trends Open Interest Trends Stock Deals Intraday Large Deals Bonds Webinar Pre Market Stock Scanner Sector Analysis Unlisted Shares Stock Updates PRO Stock Lists Eco Pulse MC Learn Market Turnover Seasonality Analysis Big Shark Portfolios Crypto Dashboard Web",2026-09-25
FS-219509BB05,Hotel Shadab license suspended: Celebrities who love its biryani,,,,2026-09-03,,,Hotel Shadab license suspended: Celebrities who love its biryani - The Siasat Daily,Pest infestation; Water / ice safety; Poor hygiene / sanitation; Equipment / premises; Licensing / registration; Storage / packaging,license suspended; closed; inspection; raid,,,News report — corroboration recommended,The Siasat Daily,Other,https://www.siasat.com/hyderabad-hotel-shadab-license-suspended-celebrities-who-love-its-biryani-3535731/,"Hotel Shadab license suspended: Celebrities who love its biryani Hyderabad Telangana India Middle East Entertainment Sports Business Photos Videos Menu Search for Home Hyderabad Telangana India Middle East Entertainment Sports Business Photos Videos Sidebar Siasat.com / Lifestyle / Hotel Shadab license suspended: Celebrities who love its biryani Hotel Shadab license suspended: Celebrities who love its biryani Siasat.com takes a look at some of the big celebrities who have graced Hotel Shadab Bushra Khan | Published: 3rd September 2026 6:42 pm IST Image Source: Instagram/ Cassius Clyde Pereira It is not uncommon for Hotel Shadab to be in the headlines in Hyderabad, being a culinary hotspot an",2026-09-25
FS-200B0E2B8A,"Cockroaches and dirt found in Bhopal's BHEL restaurant, licence suspended by FDA",,,,2024-10-27,,,"Cockroaches and dirt found in Bhopal's BHEL restaurant, licence suspended by FDA - The Times of India",Pest infestation; Water / ice safety; Licensing / registration,licence suspended; license suspended; closed; inspection,,,News report — corroboration recommended,The Times of India,News,https://timesofindia.indiatimes.com/city/bhopal/bhopal-restaurant-license-suspended-after-cockroach-infestation-fda-takes-action/articleshow/114633428.cms,Bhopal Restaurant License Suspended After Cockroach Infestation: FDA Takes Action | Bhopal News - Times of India Edition IN IN US Sign In TOI City bhopal mumbai delhi bengaluru Hyderabad kolkata chennai agra agartala ahmedabad ajmer amaravati amritsar bareilly bhubaneswar chandigarh chhatrapati sambhajinagar coimbatore cuttack dehradun erode faridabad ghaziabad goa gurgaon guwahati hubballi imphal indore itanagar jaipur jammu jamshedpur jodhpur kanpur kochi kohima kolhapur kozhikode ludhiana lucknow madurai mangaluru meerut mumbai region mysuru nagpur nashik navi mumbai noida patna prayagraj puducherry pune raipur rajkot ranchi thane salem shillong shimla srinagar surat trichy thiruvananthap,2026-09-25
FS-E16F151937,Mundhe’s crackdown only concerns cleanliness. India’s food safety problem is much bigger,,,,2026-08-27,,,Mundhe’s crackdown only concerns cleanliness. India’s food safety problem is much bigger - ThePrint,Pest infestation; Adulteration; Labelling / date-marking; Water / ice safety; Poor hygiene / sanitation; Equipment / premises; Storage / packaging,fine; raid,,,News report — corroboration recommended,ThePrint,Other,https://theprint.in/opinion/sharp-edge/india-food-safety-fake-adulteration-ultra-processed/3004013/,"India’s food safety problem goes far beyond dirty restaurants Politics Ground Reports Opinion National Interest PoV 50-Word Edit Defence Diplomacy India Economy ThePrint On Camera Videos In Pictures Society & Culture Around Town Book Excerpts Vigyapanti The Dating Story Health Science Science Tech World Events Off The Cuff The Speakers Bureau School of Journalism ThePrint Store More Judiciary Education YourTurn Work With Us Campus Voice Search Add ThePrint as a trusted source ✕ Youtube Twitter Instagram Facebook Whatsapp Telegram LinkedIn Friday, September 25, 2026 Celebrating 9 Years Support Our Journalism Politics Ground Reports Opinion National Interest PoV 50-Word Edit Defence Diplomacy",2026-09-25
FS-906ACC4FFB,India Needs to Look its Food Safety Crisis in the Eye,,,,2026-03-19,,,India Needs to Look its Food Safety Crisis in the Eye - TheWire.in,Pest infestation; Expired food; Adulteration; Chemical contamination; Water / ice safety; Poor hygiene / sanitation; Waste / drainage; Storage / packaging,seized; disposed; prosecution; sample collected,,,News report — corroboration recommended,TheWire.in,Other,https://m.thewire.in/article/food/india-needs-to-look-its-food-safety-crisis-in-the-eye,"India Needs to Look its Food Safety Crisis in the Eye - The Wire Add The Wire As Your Trusted Source For the best experience, open https://m.thewire.in on your mobile browser. × Home Politics Economy World Security Law Science Society Culture Editors-Pick Newsletter हिंदी తెలుగు اردو U U ☺ My Profile ↩ Sign out Home Politics Economy World Security Law Science Society Culture Environment Editors-Pick Video Advertisement Non-profit. Reader-funded. Independent. Donate Now Advertisement / Food / India Needs To Look Its Food Safety Crisis In The Eye India Needs to Look its Food Safety Crisis in the Eye India needs to stitch a bigger picture on the issue of food safety but it can’t do so merely th",2026-09-25
FS-DF8746E7E4,"Rotten meat in hotels, textile dyes in spices? Inside India’s food safety crackdown",,,,2026-08-11,,,"Rotten meat in hotels, textile dyes in spices? Inside India’s food safety crackdown - The Economic Times",Pest infestation; Expired food; Spoiled / stale food; Adulteration; Labelling / date-marking; Water / ice safety; Equipment / premises,fine; inspection,,,News report — corroboration recommended,The Economic Times,Other,https://economictimes.indiatimes.com/news/india/rotten-meat-fake-paneer-and-dyed-spices-inside-indias-food-safety-crackdown/videoshow/133153904.cms?from=mdr,"food safety India: Rotten meat in hotels, textile dyes in spices? Inside India’s food safety crackdown - The Economic Times Video | ET Now News English Edition English Edition हिन्दी ગુજરાતી मराठी বাংলা ಕನ್ನಡ മലയാളം தமிழ் తెలుగు | Today's ePaper My Watchlist Subscribe Sign In Search + Home ETPrime Markets Market Data Masterclass News Industry SME Politics Wealth MF Tech AI Careers Opinion NRI Panache More Menu India Economy Economy Dashboard Agriculture Finance Foreign Trade Indicators Infrastructure Policy Politics Newsblogs Elections Assembly Elections Sports Asian Games 2026 Cricket Football Tennis Badminton Hockey Chess Basketball Baseball Other Sports More Science Defence International",2026-09-25
FS-24D138FD72,"Raids, shutdowns, warning labels — India's unprecedented food safety push",,,,2026-09-08,,,"Raids, shutdowns, warning labels — India's unprecedented food safety push - The Express Tribune",Pest infestation; Expired food; Adulteration; Labelling / date-marking; Water / ice safety; Poor hygiene / sanitation; Licensing / registration,closure; inspection; raided; raid,,,News report — corroboration recommended,The Express Tribune,Other,https://tribune.com.pk/story/2628151/raids-shutdowns-warning-labels-indias-unprecedented-food-safety-push,"Raids, shutdowns, warning labels - India's unprecedented food safety push TODAY’S PAPER | September 25, 2026 | EPAPER ☰ Home Latest Pakistan Business World Sports Opinion Life & Style T-Magazine Blogs Tech Cartoon Home World Raids, shutdowns, warning labels — India's unprecedented food safety push Since 2020, food inspectors have tested more than 100,000 samples annually, roughly one in five found to be unsafe Reuters September 08, 2026 4 min read facebook twitter whatsup linkded email Nestle Maggi 2-Minute Noodles packets are dispayed at a food stall in Mumbai, India, August 21, 2026. — REUTERS India is witnessing an unprecedented food safety crackdown, with regulators forcing many local ea",2026-09-25
FS-9BD2BA2653,"Understaffed, undertested, unpunished: Why Hyderabad's restaurants are getting away with unsafe food",,,,2026-04-22,,,"Understaffed, undertested, unpunished: Why Hyderabad's restaurants are getting away with unsafe food - The Times of India",Pest infestation; Spoiled / stale food; Adulteration; Temperature control; Water / ice safety; Poor hygiene / sanitation; Equipment / premises; Licensing / registration,notice issued; closed; penalty; inspection; raid,,,News report — corroboration recommended,The Times of India,News,https://timesofindia.indiatimes.com/city/hyderabad/hyderabad-must-up-its-game-to-keep-our-food-safe/articleshow/130435295.cms,"Understaffed, undertested, unpunished: Why Hyderabad's restaurants are getting away with unsafe food | Hyderabad News - The Times of India Edition IN IN US GCC English English à¤¹à¤¿à¤¨à¥à¤¦à¥ à¤®à¤°à¤¾à¤ à¥ à²à²¨à³à²¨à²¡ à®¤à®®à®¿à®´à¯ à¦¬à¦¾à¦à¦²à¦¾ à´®à´²à´¯à´¾à´³à´ à°¤à±à°²à±à°à± àªà«àªàª°àª¾àª¤à« Weather Sign In TOI City Hyderabad mumbai delhi bengaluru kolkata chennai Crime News agra agartala ahmedabad ajmer amaravati amritsar bareilly bhubaneswar bhopal chandigarh chhatrapati sambhajinagar coimbatore cuttack dehradun erode faridabad ghaziabad goa gurgaon guwahati hubballi imphal indore itanagar jaipur jammu jamshedpur jodhpur kanpur kochi kohima kolhapur kozhikode ludh",2026-09-25
FS-6D1CC0F771,Poor Hygiene At A Restaurant? Step-by-Step Guide To Report It To FSSAI Using This App,,,,2026-07-13,,,Poor Hygiene At A Restaurant? Step-by-Step Guide To Report It To FSSAI Using This App - curlytales.com,Pest infestation; Expired food; Spoiled / stale food; Adulteration; Water / ice safety; Poor hygiene / sanitation; Equipment / premises; Licensing / registration,,,,News report — corroboration recommended,curlytales.com,Other,https://curlytales.com/india/trending/poor-hygiene-at-a-restaurant-step-by-step-guide-to-report-it-to-fssai-using-this-app/,"Poor Hygiene At A Restaurant? Step-by-Step Guide To Report It To FSSAI Using This App | Curly Tales Food Discover Plan CT Review Celebrity Interviews Discover In Italy, Cappuccino After 11 AM Is A… 9 hours ago Discover Buy A Coffee & Get One Free This… 1 day ago Discover Badam Ki Jali: The 200-YO Almond Sweet That… 2 days ago Discover Taj Opens Luxury Resort Near Tadoba Tiger Reserve… 3 days ago Plan Where To Celebrate Oktoberfest In Delhi: 10 Spots… 1 day ago Plan From Galho To Akibiye: 5 Authentic Dishes To… 12 days ago Plan Where To Enjoy Ganesh Chaturthi Special Meals In… 14 days ago Plan From Baklava To Apple Pie, 10 Modern Modaks… 14 days ago CT Review At Navi Mumbai’s Manuka Bakehouse",2026-09-25
FS-C9DD6CFFFF,Read how Maharashtra FDA Commissioner Tukaram Mundhe is spearheading action against food adulteration,,,,2026-07-15,,,Read how Maharashtra FDA Commissioner Tukaram Mundhe is spearheading action against food adulteration - opindia.com,Pest infestation; Adulteration; Cross-contamination / segregation; Water / ice safety; Poor hygiene / sanitation; Waste / drainage; Equipment / premises; Licensing / registration; Storage / packaging,seized; destroyed; inspection; raid,,,News report — corroboration recommended,opindia.com,Other,https://www.opindia.com/2026/07/maharashtra-fda-commissioner-tukaram-mundhe-spearheading-action-against-food-adulteration/,"Read how Maharashtra FDA Commissioner Tukaram Mundhe is spearheading action against food adulteration Politics Opinions Fact-Check Media Fact-Check Political Fact-Check Social Media Fact-Check Media Variety Books Culture and History Satire WTF News Specials Interviews OpIndia Explains OpIndia Scoops More… Social Media Entertainment Political History of India Government and Policy Economy and Finance Sports World Crime Law Support Us हिन्दी में ગુજરાતીમાં Search OpIndia bringing the \'right\' side of India OpIndia bringing the \'right\' side of India Friday, September 25, 2026 Latest News About Us Contact Us Write for Us MyVoice Facebook Instagram RSS X WhatsApp Youtube OpIndia bringing the \",2026-09-25
FS-6AD71FBF43,"Food safety raids hit Kolkata restaurants and eateries over hygiene, stale food",,,,2026-09-06,,,"Food safety raids hit Kolkata restaurants and eateries over hygiene, stale food - India Today",Pest infestation; Expired food; Spoiled / stale food; Adulteration; Water / ice safety; Poor hygiene / sanitation; Equipment / premises,inspection; raid,,,News report — corroboration recommended,India Today,Other,https://www.indiatoday.in/india/story/west-bengal-food-safety-raids-kolkata-restaurants-eateries-hygiene-stale-food-park-street-suvendu-adhikari-consumer-safety-week-2988274-2026-09-06,"West Bengal food safety raids hit Kolkata restaurants and eateries over hygiene, stale food - India Today India Today Aaj Tak India Today Hindi NewsTak GNTTV Lallantop Business Today Bangla Malayalam Northeast BT Bazaar Harper's Bazaar Sports Tak Astro Tak Gaming Brides Today Cosmopolitan Kisan Tak Reader’s Digest India Today Aaj Tak India Today Hindi NewsTak GNTTV Lallantop Business Today Bangla Malayalam Northeast Magazine Live TV Search SEARCH SIGN IN Edition IN IN US Home TV Live TV Primetime Magazine Latest Edition Insight Best Colleges India Today Hindi Jobs India Business All Business News Share Market IPO Personal Finance Companies Life+Style Puzzles South Global Sports All Sports US",2026-09-25
FS-F8696A4980,"India food safety crackdown explained: Restaurants, packaged foods and warning labels",,,,2026-09-08,,,"India food safety crackdown explained: Restaurants, packaged foods and warning labels - BusinessLine",Pest infestation; Expired food; Adulteration; Labelling / date-marking; Water / ice safety; Poor hygiene / sanitation; Equipment / premises; Licensing / registration,closure; inspection; raided; raid,,,News report — corroboration recommended,BusinessLine,Other,https://www.thehindubusinessline.com/economy/raids-shutdowns-warning-labels-indias-unprecedented-food-safety-push/article71441331.ece,"India food safety crackdown explained: Restaurants, packaged foods and warning labels - The HinduBusinessLine SENSEX 73,631.09 + 50.55 NIFTY 23,065.70 + 2.60 CRUDEOIL 8,955.00 -212.00 GOLD 150,529.00 -181.00 SILVER 232,540.00 -942.00 SENSEX 73,631.09 + 50.55 NIFTY 23,065.70 + 2.60 NIFTY 23,065.70 + 2.60 CRUDEOIL 8,955.00 -212.00 CRUDEOIL 8,955.00 -212.00 GOLD 150,529.00 -181.00 Subscribe Companies Markets Portfolio Opinion BL Changemakers Premium X STOCKS STORIES ACCOUNT Subscribe SIGN UP / LOGIN X STOCKS STORIES MENU X STOCKS STORIES Sections My Account Companies MSME Markets IPO Dashboard Commodities Forex Gold & Silver Stocks Gold rate today Silver rate today Top gainers today Top losers",2026-09-26
FS-D1BE7C3DFA,"Hyderabad food raids: Few restaurants make reforms, others excuses",,,,2026-08-02,,,"Hyderabad food raids: Few restaurants make reforms, others excuses - The Siasat Daily",Pest infestation; Expired food; Spoiled / stale food; Microbial / fungal contamination; Temperature control; Water / ice safety; Poor hygiene / sanitation; Equipment / premises; Licensing / registration,closed; closure; fine; inspection; raided; raid,,,News report — corroboration recommended,The Siasat Daily,Other,https://www.siasat.com/hyderabad-food-raids-few-restaurants-make-reforms-others-excuses-3517165/,"Hyderabad food raids: Few restaurants make reforms, others excuses Hyderabad Telangana India Middle East Entertainment Sports Business Photos Videos Menu Search for Home Hyderabad Telangana India Middle East Entertainment Sports Business Photos Videos Sidebar Siasat.com / News / Hyderabad / Hyderabad food raids: Few restaurants make reforms, others excuses Hyderabad food raids: Few restaurants make reforms, others excuses From ""bad luck"" to the monsoon, restaurants blamed everything but their own lapses. Saleha Fatima | Published: 2nd August 2026 7:00 am IST Representational image Hyderabad: It’s been two months since the Cyberabad Municipal Corporation (CMC) began posting about its food saf",2026-09-26
FS-E31F6B6BBA,Iconic Hyderabad eatery Shadab Hotel's FSSAI licence suspended over food safety violations,,,,2026-09-03,,,Iconic Hyderabad eatery Shadab Hotel's FSSAI licence suspended over food safety violations - The South First,Pest infestation; Expired food; Spoiled / stale food; Adulteration; Labelling / date-marking; Water / ice safety; Poor hygiene / sanitation; Waste / drainage; Equipment / premises; Food-handler hygiene; Licensing / registration; Storage / packaging,seized; licence suspended; closed; inspection; raid,,,News report — corroboration recommended,The South First,News,https://thesouthfirst.com/telangana/iconic-hyderabad-eatery-shadab-hotels-fssai-licence-suspended-over-food-safety-violations/,"Iconic Hyderabad eatery Shadab Hotel's FSSAI licence suspended over food safety violations - The South First | News, Politics, Sports, Entertainment & Live Updates menu search Home States Andhra Pradesh Karnataka Kerala Tamil Nadu Telangana Politics Behind the News Health Opinion Videos Community & Culture InJest Home Subscribe Politics Health Andhra Pradesh Karnataka Kerala Tamil Nadu Telangana injest Opinion & Analysis search DAKSHIN DIALOGUES MORE Cartoons InJest Subscribe Telugu Menu close search Home States Andhra Pradesh Karnataka Kerala Tamil Nadu Telangana Politics Behind the News Opinion & Analysis Health & Wellness Community & Culture Cartoons Dakshin Dialogues The South First » Te",2026-09-26
FS-B21A8914D6,Licence of KFC outlet in Bengaluru's Devanahalli temporarily suspended,,,,2024-08-29,,,Licence of KFC outlet in Bengaluru's Devanahalli temporarily suspended - The New Indian Express,Pest infestation; Water / ice safety; Licensing / registration,licence suspended; license suspended; inspection,,,News report — corroboration recommended,The New Indian Express,News,https://www.newindianexpress.com/cities/bengaluru/2024/Aug/29/licence-of-kfc-outlet-in-bengalurus-devanahalli-temporarily-suspended,"Licence of KFC outlet in Bengaluru's Devanahalli temporarily suspended Subscribe E-PAPER INDIA WORLD STATES CITIES OPINION EXPLAINER BUSINESS SPORTS GOOD NEWS ENTERTAINMENT VIDEOS LIVE BLOG INDIA WORLD STATES CITIES OPINION EXPLAINER BUSINESS SPORTS GOOD NEWS ENTERTAINMENT VIDEOS LIVE BLOG Bengaluru Licence of KFC outlet in Bengaluru's Devanahalli temporarily suspended During inspection, health department officials also found unhygienic conditions at the KFC branch. KFC outlet (File Photo | Reuters) Rishita Khanna Updated on : 29 Aug 2024, 4:11 am 1 min read Copied BENGALURU: The Devanahalli branch of the popular fast-food chain KFC has had its licence suspended following an inspection by th",2026-09-26
FS-3FE2915272,"India’s food safety rules are giving restaurants heartburn: It’s the process, not just the product",,,,2026-09-11,,,"India’s food safety rules are giving restaurants heartburn: It’s the process, not just the product - The Economic Times",Pest infestation; Adulteration; Cross-contamination / segregation; Water / ice safety; Equipment / premises; Storage / packaging,closed; fine,,,News report — corroboration recommended,The Economic Times,Other,https://economictimes.indiatimes.com/opinion/et-commentary/indias-food-safety-rules-are-giving-restaurants-heartburn-its-the-process-not-just-the-product/articleshow/134083979.cms?from=mdr,"Indiaâs food safety rules are giving restaurants heartburn: Itâs the process, not just the product - The Economic Times Benchmarks CLOSED Nifty 23,398.10 -79.71 Benchmarks CLOSED Sensex 74,781.76 -120.83 FEATURED FUNDS â â â â â Motilal Oswal Midcap Fund Direct-Growth 5Y Return 21.93 % Invest Now Enter Stock Quotes, News, Mutual Funds and more to search Opinion English Edition | Today's ePaper Loading... Home ETPrime Markets Market Data Masterclass News Industry SME Politics Wealth MF Tech AI Careers Opinion NRI Panache ET Editorial ET Commentary ET View Just in Jest Speaking Tree Bliss of Everyday Life Business News Opinion ET Commentary Indiaâs food safety rules are giving resta",2026-09-26
FS-3500665A1B,"Bombay HC, FDA commissioner Tukaram Munde clash over hygiene checks at eateries",,,,2026-07-31,,,"Bombay HC, FDA commissioner Tukaram Munde clash over hygiene checks at eateries - The New Indian Express",Pest infestation; Adulteration; Water / ice safety; Poor hygiene / sanitation; Equipment / premises; Licensing / registration,inspection,,,News report — corroboration recommended,The New Indian Express,News,https://www.newindianexpress.com/states/maharashtra/2026/Jul/31/bombay-hc-fda-commissioner-tukaram-munde-clash-over-hygiene-checks-at-eateries,"Bombay HC, FDA commissioner Tukaram Munde clash over hygiene checks at eateries Subscribe E-PAPER INDIA WORLD STATES CITIES OPINION EXPLAINER BUSINESS SPORTS GOOD NEWS ENTERTAINMENT VIDEOS LIVE BLOG INDIA WORLD STATES CITIES OPINION EXPLAINER BUSINESS SPORTS GOOD NEWS ENTERTAINMENT VIDEOS LIVE BLOG Maharashtra Bombay HC, FDA commissioner Tukaram Munde clash over hygiene checks at eateries Munde has launched a campaign against adulterated food, milk, and unhygienic hotels and restaurants, issuing notices and sealing several city-based famous and branded eateries for alleged violations of FDA norms. The court was not satisfied with the FDA targeting private and small eateries while sparing gov",2026-09-26
FS-A907CAC115,Using a rusted knife? FSSAI advisory flags food safety risks from corroded kitchen equipment,,,,2026-06-23,,,Using a rusted knife? FSSAI advisory flags food safety risks from corroded kitchen equipment - theweek.in,Equipment / premises,,,,News report — corroboration recommended,theweek.in,Other,https://www.theweek.in/news/health/2026/06/23/using-a-rusted-knife-fssai-advisory-flags-food-safety-risks-from-corroded-kitchen-equipment.html,"Access Denied Access Denied You don't have permission to access ""http://www.theweek.in/news/health/2026/06/23/using-a-rusted-knife-fssai-advisory-flags-food-safety-risks-from-corroded-kitchen-equipment.html"" on this server. Reference #18.e7c83017.1790400920.174c63b8 https://errors.edgesuite.net/18.e7c83017.1790400920.174c63b8",2026-09-26
FS-3EB1753486,"Karnataka food safety department issues 12-point advisory to hotels, restaurants",,,,2026-08-11,,,"Karnataka food safety department issues 12-point advisory to hotels, restaurants - The Times of India",Pest infestation; Expired food; Microbial / fungal contamination; Labelling / date-marking; Temperature control; Cross-contamination / segregation; Water / ice safety; Poor hygiene / sanitation; Waste / drainage; Equipment / premises; Food-handler hygiene; Storage / packaging,disposed; closure; inspection,,,News report — corroboration recommended,The Times of India,News,https://timesofindia.indiatimes.com/city/bengaluru/karnataka-food-safety-department-issues-12-point-advisory-to-hotels-restaurants/articleshow/133159809.cms,"Karnataka food safety department issues 12-point advisory to hotels, restaurants | Bengaluru News - The Times of India Edition IN IN US GCC English English à¤¹à¤¿à¤¨à¥à¤¦à¥ à¤®à¤°à¤¾à¤ à¥ à²à²¨à³à²¨à²¡ à®¤à®®à®¿à®´à¯ à¦¬à¦¾à¦à¦²à¦¾ à´®à´²à´¯à´¾à´³à´ à°¤à±à°²à±à°à± àªà«àªàª°àª¾àª¤à« Weather Sign In TOI City bengaluru mumbai delhi Hyderabad kolkata chennai Crime News agra agartala ahmedabad ajmer amaravati amritsar bareilly bhubaneswar bhopal chandigarh chhatrapati sambhajinagar coimbatore cuttack dehradun erode faridabad ghaziabad goa gurgaon guwahati hubballi imphal indore itanagar jaipur jammu jamshedpur jodhpur kanpur kochi kohima kolhapur kozhikode ludhiana lucknow madurai",2026-09-26
FS-8CA0440288,"FSSAI inspections: Expired fish, rotten food reportedly found at Bengaluru’s elite clubs",,,,2026-08-26,,,"FSSAI inspections: Expired fish, rotten food reportedly found at Bengaluru’s elite clubs - indulgexpress.com",Pest infestation; Expired food; Spoiled / stale food; Adulteration; Labelling / date-marking; Water / ice safety; Poor hygiene / sanitation; Equipment / premises; Storage / packaging,seized; inspection,,,News report — corroboration recommended,indulgexpress.com,Other,https://www.indulgexpress.com/food/2026/Aug/26/fssai-inspections-expired-fish-rotten-food-reportedly-found-at-bengalurus-elite-clubs,"Bengaluru Elite Clubs Under FSSAI Scanner Over Food Safety LIFESTYLE LIFESTYLE HOME AND DECOR BEAUTY MIND AND BODY RELATIONSHIPS FASHION FASHION TRENDS NEW LAUNCHES DESIGNERS FOOD FOOD CHENNAI BENGALURU HYDERABAD KOLKATA MUMBAI TRENDS RECIPES DELHI ENTERTAINMENT ENTERTAINMENT CELEBS CINEMA OTT EVENTS EVENTS CHENNAI BANGALORE HYDERABAD KOLKATA MUMBAI DELHI CULTURE CULTURE ART MUSIC THEATRE DANCE COMEDY VIDEOS WEB STORIES SPORTS GADGETS CAR & BIKE TRAVEL SOCIETY GALLERIES NORTH EAST NORTH EAST ART CINEMA FOOD MUSIC TRAVEL INDULGE CONNECT Food FSSAI inspections: Expired fish, rotten food reportedly found at Bengaluru’s elite clubs Bengaluru’s elite clubs have come under the FSSAI scanner after",2026-09-27
FS-A5C04655B3,"Bengaluru food safety crackdown: Rotten meat, expired cream, insects found at hotels, pubs",,,,2026-08-10,,,"Bengaluru food safety crackdown: Rotten meat, expired cream, insects found at hotels, pubs - Moneycontrol.com",Pest infestation; Expired food; Spoiled / stale food; Water / ice safety; Equipment / premises,seized; destroyed; closed; samples collected; inspection,,,News report — corroboration recommended,Moneycontrol.com,Other,https://www.moneycontrol.com/news/india/bengaluru-food-safety-crackdown-rotten-meat-expired-cream-insects-found-at-hotels-pubs-13999465.html,"Bengaluru food safety crackdown: Rotten meat, expired cream, insects found at hotels, pubs Select language English Hindi Gujarati Specials Search Quotes, News, Mutual Fund NAVs Quotes Mutual Funds ETFs Commodities Futures & Options Unlisted Shares Currency News Topic Cryptocurrency Forum Notices Videos Glossary All My Alerts Go Ad-Free Hello, Login Hello, Login Log-in or Sign-Up My Account My Profile My Portfolio My Watchlist My Alerts My Messages Price Alerts My Profile My PRO My Portfolio My Watchlist My Alerts My Messages Price Alerts Logout Loans up to ₹50 LAKHS Fixed Deposits Credit Cards Lifetime Free Credit Score Loan against MFs Chat with Us Download App Follow us on: ->->MC_ENG_DESK",2026-09-27
FS-18046AE925,"Karnataka Food Safety Alert: 12-point guidelines mandated for hotels, restaurants, catering units",,,,2026-08-11,,,"Karnataka Food Safety Alert: 12-point guidelines mandated for hotels, restaurants, catering units - India.com",Pest infestation; Expired food; Microbial / fungal contamination; Labelling / date-marking; Temperature control; Cross-contamination / segregation; Water / ice safety; Poor hygiene / sanitation; Waste / drainage; Equipment / premises; Food-handler hygiene; Licensing / registration; Storage / packaging,disposed; closure; fine; inspection,,,News report — corroboration recommended,India.com,Other,https://www.india.com/news/india/karnataka-food-safety-alert-12-point-guidelines-mandated-for-hotels-restaurants-catering-units-8499225/,"Karnataka Food Safety Alert: 12-point guidelines mandated for hotels, restaurants, catering units Engilsh Hindi The Health Site Bollywood Life Cricket Country Techlusive Follow us Logout Live TV Latest India Business Sports Entertainment Viral Photos LIVE TV World Sports States Auto Business Tech Health Deals Women Travel International Topics IFSC Code Education Lifestyle Support Advertise With Us About Us Disclaimer Privacy Policy T&C Contact Us Complaint Follow Us India News News India Karnataka Food Safety Alert: 12-point guidelines mandated for hotels, restaurants, catering units Karnataka Food Safety Alert: 12-point guidelines mandated for hotels, restaurants, catering units The Karnata",2026-09-27
FS-CDFF6E51FF,"Food raids in Telangana: Snacks worth over Rs 60K seized, license suspended",,,,2024-12-15,,,"Food raids in Telangana: Snacks worth over Rs 60K seized, license suspended - The Siasat Daily",Pest infestation; Expired food; Microbial / fungal contamination; Labelling / date-marking; Water / ice safety; Poor hygiene / sanitation; Waste / drainage; Equipment / premises; Licensing / registration,seized; seizure; license suspended; inspection; raided; raid,,,News report — corroboration recommended,The Siasat Daily,Other,https://www.siasat.com/food-raids-in-telangana-snacks-worth-over-rs-60k-seized-license-suspended-3148653/,"Food raids in Telangana: Snacks worth over Rs 60K seized, license suspended Hyderabad Telangana India Middle East Entertainment Sports Business Photos Videos Menu Search for Home Hyderabad Telangana India Middle East Entertainment Sports Business Photos Videos Sidebar Siasat.com / News / Telangana / Food raids in Telangana: Snacks worth over Rs 60K seized, license suspended Food raids in Telangana: Snacks worth over Rs 60K seized, license suspended The raid was conducted on Saturday, December 14 at Santosh Foods in Yenugonda, Mahabubnagar district in Telangana. News Desk Follow on Twitter | Posted by Tamreen Sultana | Published: 15th December 2024 7:27 pm IST Food raids in Telangana Hyderaba",2026-09-27
FS-4A0EEB4D18,Fight against food adulteration: How Ahmedabad Municipal Corporation is cleaning up restaurant kitchens,,,,2026-08-21,,,Fight against food adulteration: How Ahmedabad Municipal Corporation is cleaning up restaurant kitchens - opindia.com,Pest infestation; Expired food; Spoiled / stale food; Adulteration; Water / ice safety; Poor hygiene / sanitation; Waste / drainage; Equipment / premises; Food-handler hygiene; Licensing / registration; Storage / packaging,seized; fine; inspection; raided; raid,,,News report — corroboration recommended,opindia.com,Other,https://www.opindia.com/2026/08/fight-against-food-adulteration-how-ahmedabad-municipal-corporation-is-cleaning-up-restaurant-kitchens/,"Fight against food adulteration: How Ahmedabad Municipal Corporation is cleaning up restaurant kitchens Politics Opinions Fact-Check Media Fact-Check Political Fact-Check Social Media Fact-Check Media Variety Books Culture and History Satire WTF News Specials Interviews OpIndia Explains OpIndia Scoops More… Social Media Entertainment Political History of India Government and Policy Economy and Finance Sports World Crime Law Support Us हिन्दी में ગુજરાતીમાં Search OpIndia bringing the \'right\' side of India OpIndia bringing the \'right\' side of India Monday, August 31, 2026 Latest News About Us Contact Us Write for Us MyVoice Facebook Instagram RSS X WhatsApp Youtube OpIndia bringing the \'",2026-09-27
FS-EAAF52CB07,Food safety lapses found at Delhi hotels,,,,2026-08-27,,,Food safety lapses found at Delhi hotels - The New Indian Express,Pest infestation; Expired food; Spoiled / stale food; Microbial / fungal contamination; Labelling / date-marking; Temperature control; Cross-contamination / segregation; Water / ice safety; Poor hygiene / sanitation; Waste / drainage; Equipment / premises; Food-handler hygiene; Licensing / registration; Storage / packaging,destroyed; samples collected; inspection,,,News report — corroboration recommended,The New Indian Express,News,https://www.newindianexpress.com/cities/delhi/2026/Aug/27/food-safety-lapses-found-at-delhi-hotels,"Food safety lapses found at Delhi hotels Subscribe E-PAPER INDIA WORLD STATES CITIES OPINION EXPLAINER BUSINESS SPORTS GOOD NEWS ENTERTAINMENT VIDEOS LIVE BLOG INDIA WORLD STATES CITIES OPINION EXPLAINER BUSINESS SPORTS GOOD NEWS ENTERTAINMENT VIDEOS LIVE BLOG Delhi Food safety lapses found at Delhi hotels FSSAI discovers cockroaches, other pest activity and expired sweets at two Aerocity hotels Express News Service Updated on : 27 Aug 2026, 3:18 am 2 min read Copied NEW DELHI: The Food Safety and Standards Authority of India (FSSAI) on Wednesday said it had issued notices to two prominent hotels in Delhi’s Aerocity – JW Marriott and Andaz Delhi – after inspections by officials found multipl",2026-09-27
FS-967AD85EA8,FSSAI crackdown sparks hiring surge in food safety and compliance,,,,2026-09-27,,,FSSAI crackdown sparks hiring surge in food safety and compliance - The Economic Times,Pest infestation; Labelling / date-marking; Water / ice safety; Poor hygiene / sanitation; Equipment / premises; Licensing / registration,inspection,,,News report — corroboration recommended,The Economic Times,Other,https://economictimes.indiatimes.com/jobs/hr-policies-trends/fssai-crackdown-sparks-hiring-surge-in-food-safety-and-compliance/articleshow/134525246.cms?from=mdr,"FSSAI crackdown sparks hiring surge in food safety and compliance - The Economic Times Benchmarks Nifty 23,140.50 77.41 FEATURED FUNDS ★★★ ★★ Motilal Oswal Midcap Fund Direct-Growth 5Y Return 20.4 % Invest Now Enter search text: Careers English Edition English Edition हिन्दी ગુજરાતી मराठी বাংলা ಕನ್ನಡ മലയാളം தமிழ் తెలుగు | Today's ePaper My Watchlist Subscribe Sign In Home ETPrime Markets Market Data Masterclass News Industry SME Politics Wealth MF Tech AI Careers Opinion NRI Panache More Menu Freshers Mid-Career C-Suite HR Policies & Trends Government Jobs Exams & Results Business News › Careers › HR Policies & Trends › FSSAI crackdown sparks hiring surge in food safety and compliance The Ec",2026-09-28
FS-8BE7DCDCC6,FSSAI crackdown sparks major hiring surge in hotels chains & restaurants: Report,,,,2026-09-28,,,FSSAI crackdown sparks major hiring surge in hotels chains & restaurants: Report - Business Today,Pest infestation; Water / ice safety; Poor hygiene / sanitation; Equipment / premises; Storage / packaging,inspection,,,News report — corroboration recommended,Business Today,Other,https://www.businesstoday.in/india/story/fssai-crackdown-sparks-major-hiring-surge-in-hotels-chains-restaurants-report-558122-2026-09-28,FSSAI crackdown sparks major hiring surge in hotels chains & restaurants: Report - BusinessToday Business Today BT Bazaar India Today Northeast India Today Gaming Cosmopolitan Harper's Bazaar Brides Today Ishq FM Aaj Tak GNTTV Kisan Tak Lallantop Malyalam Bangla Sports Tak Crime Tak Aajtak Campus Astro tak Subscribe Home Markets Stocks News IPO Corner Indices Stocks List Magazine Cover Story Editor's Note Deep Dive Interview BT TV Market Today Easynomics Drive Today BT Explainer New BT Billionaires New Investors Corner Gold & Silver Rate India Tech Artificial Intelligence Tech News Startups Unbox - Review Industry Banking IT Energy Commodities Pharma Real Estate Telecom Money Today Mutual Fu,2026-09-28
FS-74C8929E3D,Hyderabad Authorities Suspend Licences of 11 Restaurants for Violations,,,,2026-09-28,,,Hyderabad Authorities Suspend Licences of 11 Restaurants for Violations - indianewsnetwork.com,Pest infestation; Expired food; Microbial / fungal contamination; Adulteration; Temperature control; Water / ice safety; Poor hygiene / sanitation; Waste / drainage; Equipment / premises; Food-handler hygiene; Licensing / registration; Storage / packaging,inspection,,,News report — corroboration recommended,indianewsnetwork.com,Other,https://www.indianewsnetwork.com/en/hyderabad-authorities-suspend-licences-11-restaurants-violations-20260927,"Hyderabad Authorities Suspend Licences of 11 Restaurants for Violations Politics World Business Technology Health Entertainment Sports Trending About Us EN English Politics World Business Technology Health Entertainment Sports Trending About Us Hyderabad Authorities Suspend Licences of 11 Restaurants for Violations India News Network | 2026-09-27 Hyderabad Authorities Suspend Licences of 11 Restaurants for Violations Food safety officials in Hyderabad halt operations of 11 eateries due to serious hygiene and safety violations discovered during inspections. In Hyderabad, the Telangana Standards Authority for Food and Essential Drugs (TG SAFE) has taken decisive action against eleven restauran",2026-09-28
FS-BE60BF5EDC,"FSSAI moves to ban manufacture, sale of analogue paneer nationwide",,,,2026-09-24,,,"FSSAI moves to ban manufacture, sale of analogue paneer nationwide - India Today",Pest infestation; Labelling / date-marking; Water / ice safety; Licensing / registration; Storage / packaging,,,,News report — corroboration recommended,India Today,Other,https://www.indiatoday.in/india/story/bombay-high-court-thane-restaurant-analogue-paneer-licence-suspension-3002129-2026-09-24,"Analogue paneer, Bombay High Court: Thane restaurant denied relief over suspended licence - India Today India Today Aaj Tak India Today Hindi NewsTak GNTTV Lallantop Business Today Bangla Malayalam Northeast BT Bazaar Harper's Bazaar Sports Tak Astro Tak Gaming Brides Today Cosmopolitan Kisan Tak Reader’s Digest India Today Aaj Tak India Today Hindi NewsTak GNTTV Lallantop Business Today Bangla Malayalam Northeast Magazine Live TV Search SEARCH SIGN IN Edition IN IN US Home TV Live TV Primetime Magazine Latest Edition Insight Best Colleges India Today Hindi Jobs India Business All Business News Share Market IPO Personal Finance Companies Life+Style Puzzles South Global Sports Asian Games Med",2026-09-28
FS-9D57D350BC,Raid-ar on rot: Food safety raids get Bengaluru talking,,,,2026-08-25,,,Raid-ar on rot: Food safety raids get Bengaluru talking - The New Indian Express,Pest infestation; Expired food; Spoiled / stale food; Microbial / fungal contamination; Water / ice safety; Poor hygiene / sanitation; Equipment / premises; Storage / packaging,fine; inspection; raid,,,News report — corroboration recommended,The New Indian Express,News,https://www.newindianexpress.com/cities/bengaluru/2026/Aug/25/raid-ar-on-rot-food-safety-raids-get-bengaluru-talking,"Raid-ar on rot: Food safety raids get Bengaluru talking Subscribe E-PAPER INDIA WORLD STATES CITIES OPINION EXPLAINER BUSINESS SPORTS GOOD NEWS ENTERTAINMENT VIDEOS LIVE BLOG INDIA WORLD STATES CITIES OPINION EXPLAINER BUSINESS SPORTS GOOD NEWS ENTERTAINMENT VIDEOS LIVE BLOG Bengaluru Raid-ar on rot: Food safety raids get Bengaluru talking As food safety raids sweep the city and uncover serious lapses at some of the city’s finest establishments, are Bengalureans thinking differently about eating out? Mahima Nagaraju Updated on : 25 Aug 2026, 12:30 am 4 min read Copied A walk down any street in Bengaluru’s bustling neighbourhoods means fragrant smells tickling your nose and beckoning you into",2026-09-28
FS-CB7C605514,"FSSAI licence suspended, but Hyderabad restaurants reopen: what’s happening?",,,,2026-09-28,,,"FSSAI licence suspended, but Hyderabad restaurants reopen: what’s happening? - hyderabadmail.com",Pest infestation; Expired food; Spoiled / stale food; Adulteration; Labelling / date-marking; Water / ice safety; Waste / drainage; Equipment / premises; Licensing / registration; Storage / packaging,licence suspended; inspection,,,News report — corroboration recommended,hyderabadmail.com,Other,https://hyderabadmail.com/hyderabad-restaurants-fssai-licence-suspension-tg-safe/,"Hyderabad Restaurants Failing Food Safety Standards – Hyderabad Mail Skip to content Search for: Fact Check Cyber Vigil Latest News Top News Pakka Local Hyderabad Ameerpet Charminar Dilsukhnagar / LBNagar Gachibowli / HITEC city Kachiguda/koti Kukatpally / Moosapet Nizampet / Bachupally Madhapur / Jubilee hills Manikonda Miyapur / Lingampally Nampally Secunderabad / Marredpally Shaikpet Tarnaka Uppal/Nagole Crime City Politics Local Sports Gated Communities General Consumer Voice Campus Beat Culture Beat Civic Mail Listicles RWAs/Colonies School Mail Offbeat Notice Board Real Estate Web Stories Hyderabad FSSAI licence suspended, but Hyderabad restaurants reopen: what’s happening? Subhransu S",2026-09-28
FS-FB183745B4,IAS Tukaram Mundhe's Massive Food Safety Crackdown in Maharashtra,,,,2026-08-03,,,IAS Tukaram Mundhe's Massive Food Safety Crackdown in Maharashtra - The Better India,Pest infestation; Water / ice safety; Poor hygiene / sanitation; Equipment / premises; Licensing / registration,seized; seizure; inspection; raid,,,News report — corroboration recommended,The Better India,Other,https://thebetterindia.com/videos/society/ias-tukarams-massive-food-safety-crackdown-in-maharashtra-12225061,"IAS Tukaram Mundhe's Massive Food Safety Crackdown in Maharashtra 0 Login/Signup Bookmarks My Profile Log Out Home Topics Sustainability Stories Changemakers Stories Startup Stories Culture Stories Travel Stories Parenting Stories Farming Stories Gardening Stories Wildlife Stories Food Stories Innovation Stories History Stories Education Stories Health Care Stories Civil Service Stories Young Achievers Stories About Stories Our Impact Brand Campaigns Watch Inspiring Videos Advertise With Us Press Coverage Contact Career at The Better India Join The Better India. Sign In with Google Sign In with Facebook Sign in with Email By clicking the button, I accept the Terms of Use of the service and i",2026-09-29
FS-08016371E0,"'Rats, cockroaches, open sewage manhole': Mumbai's 122-year-old Kyani & Co licence suspended over serious hygiene violations",,,,2026-09-29,,,"'Rats, cockroaches, open sewage manhole': Mumbai's 122-year-old Kyani & Co licence suspended over serious hygiene violations - WION",Pest infestation; Temperature control; Cross-contamination / segregation; Water / ice safety; Poor hygiene / sanitation; Waste / drainage; Equipment / premises; Food-handler hygiene; Licensing / registration; Storage / packaging,licence suspended; fine; prosecution; inspection,,,News report — corroboration recommended,WION,Other,https://www.wionews.com/india-news/rats-cockroaches-open-sewage-manhole-mumbai-s-122-year-old-kyani-co-licence-suspended-over-serious-hygiene-violations-1790648404379,"'Rats, cockroaches, open sewage manhole': Mumbai's 122-year-old Kyani & Co licence suspended over serious hygiene violations Live TV LOGIN v logout Live TV Latest Gravitas World India Entertainment Hollywood Bollywood Sports Opinions videos Photos TV Shows Mission Sustainability Wion / India / 'Rats, cockroaches, open sewage manhole': Mumbai's 122-year-old Kyani & Co licence suspended over serious hygiene violations 'Rats, cockroaches, open sewage manhole': Mumbai's 122-year-old Kyani & Co licence suspended over serious hygiene violations Edited By Navashree Nandini Published: Sep 29, 2026, 08:04 IST | Updated: Sep 29, 2026, 08:06 IST Mumbai’s iconic Irani cafe Kyani & Co Photograph: (X) Sto",2026-09-29
FS-33946994BD,Kyani & Co FSSAI licence suspended: What Tukaram Mundhe-led Maharashtra FDA found inside Mumbai’s more tha,,,,2026-09-28,,,Kyani & Co FSSAI licence suspended: What Tukaram Mundhe-led Maharashtra FDA found inside Mumbai’s more tha - The Economic Times,Pest infestation; Temperature control; Water / ice safety; Poor hygiene / sanitation; Waste / drainage; Equipment / premises; Licensing / registration; Storage / packaging,seized; seizure; licence suspended; fine; inspection,,,News report — corroboration recommended,The Economic Times,Other,https://economictimes.indiatimes.com/news/india/kyani-co-fssai-licence-suspended-what-tukaram-mundhe-led-maharashtra-fda-found-inside-mumbais-more-than-100-year-old-irani-cafe/articleshow/134546610.cms?from=mdr,"Kyani & Co FSSAI licence suspended: What Tukaram Mundhe-led Maharashtra FDA found inside Mumbai’s more than 100-year-old Irani cafe - The Economic Times Benchmarks Nifty 22,780.25 -360.25 FEATURED FUNDS ★★★ ★★ Motilal Oswal Midcap Fund Direct-Growth 5Y Return 20.4 % Invest Now Enter search text: News English Edition English Edition हिन्दी ગુજરાતી मराठी বাংলা ಕನ್ನಡ മലയാളം தமிழ் తెలుగు | Today's ePaper My Watchlist Subscribe Sign In Home ETPrime Markets Market Data Masterclass News Industry SME Politics Wealth MF Tech AI Careers Opinion NRI Panache More Menu India Economy Economy Dashboard Agriculture Finance Foreign Trade Indicators Infrastructure Policy Politics Newsblogs Elections Assembly",2026-09-29
FS-0B036EE2FA,"Tukaram Mundhe's team shuts Mumbai's 122-year-old Kyani cafe over rat droppings, flies",,,,2026-09-28,,,"Tukaram Mundhe's team shuts Mumbai's 122-year-old Kyani cafe over rat droppings, flies - indiatoday.in",Pest infestation; Temperature control; Water / ice safety; Poor hygiene / sanitation; Waste / drainage; Equipment / premises; Licensing / registration; Storage / packaging,seized; seizure; licence suspended; inspection,,,News report — corroboration recommended,indiatoday.in,Other,https://www.indiatoday.in/india/maharashtra/story/kyani-co-mumbai-fda-tukaram-mundhe-inspection-historic-irani-cafe-licence-suspended-hygiene-lapses-3005093-2026-09-28,Kyani & Co Mumbai FDA inspection: Historic Irani cafe licence suspended by Tukaram Mundhe over hygiene lapses - Maharashtra News | India Today India Today Aaj Tak India Today Hindi NewsTak GNTTV Lallantop Business Today Bangla Malayalam Northeast BT Bazaar Harper's Bazaar Sports Tak Astro Tak Gaming Brides Today Cosmopolitan Kisan Tak Reader’s Digest India Today Aaj Tak India Today Hindi NewsTak GNTTV Lallantop Business Today Bangla Malayalam Northeast Magazine Live TV Search SEARCH SIGN IN Edition IN IN US Home TV Live TV Primetime Magazine Latest Edition Insight Best Colleges India Today Hindi Jobs India Business All Business News Share Market IPO Personal Finance Companies Life+Style Puzz,2026-09-29
FS-5F8A523C2C,"FSSAI issues notice to Delhi's Andaz, JW Marriott over expired sweets, cockroaches",,,,2026-08-26,,,"FSSAI issues notice to Delhi's Andaz, JW Marriott over expired sweets, cockroaches - India Today",Pest infestation; Expired food; Spoiled / stale food; Microbial / fungal contamination; Labelling / date-marking; Temperature control; Cross-contamination / segregation; Water / ice safety; Poor hygiene / sanitation; Waste / drainage; Equipment / premises; Licensing / registration; Storage / packaging,seized; inspection; raid,,,News report — corroboration recommended,India Today,Other,https://www.indiatoday.in/health/story/fssai-notice-andaz-jw-marriott-delhi-food-safety-lapses-2980517-2026-08-26,"FSSAI issues notice to Delhi’s Andaz, JW Marriott over expired sweets, cockroaches - India Today India Today Aaj Tak India Today Hindi NewsTak GNTTV Lallantop Business Today Bangla Malayalam Northeast BT Bazaar Harper's Bazaar Sports Tak Astro Tak Gaming Brides Today Cosmopolitan Kisan Tak Reader’s Digest India Today Aaj Tak India Today Hindi NewsTak GNTTV Lallantop Business Today Bangla Malayalam Northeast Magazine Live TV Search SEARCH SIGN IN Edition IN IN US Home TV Live TV Primetime Magazine Latest Edition Insight Best Colleges India Today Hindi Jobs India Business All Business News Share Market IPO Personal Finance Companies Life+Style Puzzles South Global Sports Asian Games Medal Tall",2026-09-30
FS-F8A4C87FA5,"Maharashtra FDA suspends food licenses of railway catering supplier, 20 eateries over alleged violations of safety norms",,,,2026-09-09,,,"Maharashtra FDA suspends food licenses of railway catering supplier, 20 eateries over alleged violations of safety norms - indiagazette.com",Pest infestation; Expired food; Adulteration; Labelling / date-marking; Temperature control; Water / ice safety; Poor hygiene / sanitation; Waste / drainage; Equipment / premises; Food-handler hygiene; Licensing / registration,license suspended; closed; inspection,,,News report — corroboration recommended,indiagazette.com,Other,https://www.indiagazette.com/news/279295921/maharashtra-fda-suspends-food-licenses-of-railway-catering-supplier-20-eateries-over-alleged-violations-of-safety-norms,"Maharashtra FDA suspends food licenses of railway catering supplier, 20 eateries over alleged violations of safety norms Menu Home Business International Delhi Wire Search Weather Network VOLUME NO. 0205/16 Maharashtra FDA suspends food licenses of railway catering supplier, 20 eateries over alleged violations of safety norms ANI 09 Sep 2026, 15:28 GMT+10 Mumbai (Maharashtra) [India], September 9 (ANI): The Maharashtra Food and Drug Administration (FDA) on Wednesday suspended the licenses of a supplier linked to a railway caterer, a dairy unit and multiple eateries at a rekigious centre in Juhu for alleged violations of food safety norms. According to the Maharashtra FDA, 'Inspection of food",2026-10-01
FS-3174022435,"Food Safety officials raid hotels, eateries, destroy adulterated items",,,,2025-11-25,,,"Food Safety officials raid hotels, eateries, destroy adulterated items - The Hindu",Pest infestation; Spoiled / stale food; Adulteration; Water / ice safety,destroyed; inspection; raided; raid,,,News report — corroboration recommended,The Hindu,News,https://www.thehindu.com/news/national/andhra-pradesh/food-safety-officials-raid-hotels-eateries-destroy-adulterated-items/article70323279.ece,"Food Safety officials raid hotels, eateries, destroy adulterated items - The Hindu You are logged in Loading... LOGOUT You don’t have any Active Subscription. Subscribe now Subscribed with another email? Logout and Login with that one. Your active subscription(s) Account subscription benefits alongside Premium Stories, Editorials, Opinions and more. Unlock these with Subscription Products you've access to Additional Subscription Benefits eBooks Webinars Newsletters Games Monthly Digest Account Settings Go to My Account Bookmarks Manage Subscriptions Need help with your subscription? customersupport@thehindu.co.in 1800 102 1878 Weather News October 1, 2026 e-Paper LOGIN Account eBooks Subscri",2026-10-02
FS-BE100ECADB,Food safety law: Can authorities suspend a restaurant licence immediately?,,,,2026-09-11,,,Food safety law: Can authorities suspend a restaurant licence immediately? - Business Standard,Pest infestation; Labelling / date-marking; Water / ice safety; Poor hygiene / sanitation; Waste / drainage; Equipment / premises; Licensing / registration; Storage / packaging; Corrective action completed,notice served; fine; prosecution; inspection,,,News report — corroboration recommended,Business Standard,Other,https://www.business-standard.com/industry/news/food-safety-law-can-authorities-suspend-a-restaurant-licence-immediately-126091100545_1.html,"Food safety law: Can authorities suspend a restaurant licence immediately? | Industry News - Business Standard Tuesday, September 15, 2026 | 07:46 PM IST हिंदी में पढें Home Industry Auto Banking Aviation SME Agriculture Home / Industry / News / Food safety law: Can authorities suspend a restaurant licence immediately? Food safety law: Can authorities suspend a restaurant licence immediately? Food safety authorities can suspend a restaurant licence over violations, but the law lays down a process for rectification, appeals and cancellation Several food outlets have had their licences suspended over alleged hygiene and food-safety violations. Image: Bloomberg Vrinda Goel New Delhi 6 min read",2026-10-03
FS-7DB1311845,"Raids, red labels and junk food curbs: India’s food safety crackdown | Gulf Times",,,,2026-09-30,,,"Raids, red labels and junk food curbs: India’s food safety crackdown | Gulf Times - Gulf Times",Pest infestation; Expired food; Adulteration; Labelling / date-marking; Water / ice safety; Poor hygiene / sanitation; Waste / drainage; Licensing / registration,closure; inspection; raided; raid,,,News report — corroboration recommended,Gulf Times,Other,https://www.gulf-times.com/article/734626/opinion/viewpoint/raids-red-labels-and-junk-food-curbs-indias-food-safety-crackdown,"Raids, red labels and junk food curbs: India’s food safety crackdown - Gulf Times Saturday, October 03, 2026 | Daily Newspaper published by GPPC Doha, Qatar. Saturday, October 03, 2026 Subscribe HOME QATAR REGION INTERNATIONAL BUSINESS SPORT OPINION COMMUNITY MEDIA EPAPER CLASSIFIEDS Supplements × Search Gulf Times Choose a section, type your search topic and how to match it, and set a date range from the start date to the end date, then press Search. Section All sections Album Business Classified Community Events International Media My News Newswall Opinion PDF Podcasts Qatar Region Shopping Sport Spotlight Search topic Match: All words Any word Exact phrase From date dd / mm / yyyy To date",2026-10-03
FS-FCB303621B,Food safety scrutiny pushes restaurants to clean up their act in Bengaluru,,,,2026-10-06,,,Food safety scrutiny pushes restaurants to clean up their act in Bengaluru - The Times of India,Pest infestation; Expired food; Cross-contamination / segregation; Water / ice safety; Poor hygiene / sanitation; Equipment / premises,seized; fine; inspection; raid,,,News report — corroboration recommended,The Times of India,News,https://timesofindia.indiatimes.com/city/bengaluru/food-safety-scrutiny-pushes-restaurants-to-clean-up-their-act-in-bengaluru/articleshow/134745544.cms,Food safety scrutiny pushes restaurants to clean up their act in Bengaluru | Bengaluru News - The Times of India Edition IN IN US GCC English English à¤¹à¤¿à¤¨à¥à¤¦à¥ à¤®à¤°à¤¾à¤ à¥ à²à²¨à³à²¨à²¡ à®¤à®®à®¿à®´à¯ à¦¬à¦¾à¦à¦²à¦¾ à´®à´²à´¯à´¾à´³à´ à°¤à±à°²à±à°à± àªà«àªàª°àª¾àª¤à« Weather Sign In TOI City bengaluru mumbai delhi Hyderabad kolkata chennai Crime News agra agartala ahmedabad ajmer amaravati amritsar bareilly bhubaneswar bhopal chandigarh chhatrapati sambhajinagar coimbatore cuttack dehradun erode faridabad ghaziabad goa gurgaon guwahati hubballi imphal indore itanagar jaipur jammu jamshedpur jodhpur kanpur kochi kohima kolhapur kozhikode ludhiana lucknow madurai manga,2026-10-07
FS-212639E577,Unpalatable Truths: Why India’s Restaurant Industry Has a Food Safety Problem,,,,2026-10-06,,,Unpalatable Truths: Why India’s Restaurant Industry Has a Food Safety Problem - Open Magazine,Pest infestation; Expired food; Temperature control; Cross-contamination / segregation; Water / ice safety; Poor hygiene / sanitation; Waste / drainage; Equipment / premises; Licensing / registration; Storage / packaging,inspection,,,News report — corroboration recommended,Open Magazine,Other,https://openthemagazine.com/india/chhattisgarh-restaurant-staff-wash-utensils-in-bathroom-sadly-not-the-first-food-hygiene-scare-in-india-in-2026,"Chhattisgarh Restaurant Staff Caught Washing Utensils in Bathroom Amid Food Safety Concerns Logo Go Ad-Free Home India World Politics Sports Business Columns Entertainment Art & Culture Lifestyle Books Technology Open Avenues Archives Movies Cover Stories Features Health Digital Stories Logo Home India World Politics Entertainment Sports Logo Home India Unpalatable Truths: Why India’s Restaurant Industry Has a Food Safety Problem Unpalatable Truths: Why India’s Restaurant Industry Has a Food Safety Problem Open Bureau Last Updated: October 6, 2026, 15:31 IST Summarise Share Share A viral video from Korba, Chhattisgarh shows staff at New Delhi Sweets washing utensils on a bathroom floor. The",2026-10-07
FS-5537C794F9,FSSAI food warning label proposal faces challenge over 'two-nutrient' rule,,,,2026-09-09,,,FSSAI food warning label proposal faces challenge over 'two-nutrient' rule - Business Standard,Pest infestation; Labelling / date-marking; Water / ice safety; Equipment / premises; Licensing / registration,raid,,,News report — corroboration recommended,Business Standard,Other,https://www.business-standard.com/india-news/fssai-food-warning-label-proposal-faces-challenge-over-two-nutrient-rule-126090901729_1.html,"FSSAI food warning label proposal faces challenge over 'two-nutrient' rule | India News - Business Standard Wednesday, October 07, 2026 | 02:34 PM IST हिंदी में पढें Home India News E-Paper Decoded Opinion Latest News Home / India News / FSSAI food warning label proposal faces challenge over 'two-nutrient' rule FSSAI food warning label proposal faces challenge over 'two-nutrient' rule FSSAI's proposed front-of-pack warning labels face a Supreme Court challenge over phased implementation, nutrient thresholds, sugar and fat metrics, and exemptions for honey and jaggery Representative Image Bhavini Mishra New Delhi 3 min read Last Updated : Sep 09 2026 | 11:02 PM IST Listen to This Article The",2026-10-07
FS-61A04F1C5F,"87 kg expired sweets, 105 kg expired food: The complete list of 5-star hotels across India that have been",,,,2026-08-27,,,"87 kg expired sweets, 105 kg expired food: The complete list of 5-star hotels across India that have been - The Times of India",Pest infestation; Expired food; Spoiled / stale food; Microbial / fungal contamination; Labelling / date-marking; Temperature control; Cross-contamination / segregation; Water / ice safety; Poor hygiene / sanitation; Waste / drainage; Equipment / premises; Food-handler hygiene; Licensing / registration; Storage / packaging,seized; fine; samples collected; inspection; raided; raid,,,News report — corroboration recommended,The Times of India,News,https://timesofindia.indiatimes.com/life-style/food-news/87-kg-expired-sweets-105-kg-expired-food-the-complete-list-of-5-star-hotels-across-india-that-have-been-raided-recently-and-have-revealed-serious-lapses/articleshow/133544955.cms,"87 kg expired sweets, 105 kg expired food: The complete list of 5-star hotels across India that have been raided recently and have revealed serious lapses - The Times of India Sign In TOI TOI home lifestyle relationship food news Health+ style trending parenting soul search beauty books recipes travel home & garden events spotlight News lifestyle food-news 87 kg expired sweets, 105 kg expired food: The complete list of 5-star hotels across India that have been raided recently and have revealed serious lapses Trending Sanjukta Parashar Neha Thakur Viraansh Bhanushali Parenting Psychology Deepika Padukone Baby Names Snehal Sumit Prajapati Martha Stewarts Sanjeev Kapoor Sanjukta Parashar Neha T",2026-10-07
FS-1428A903F1,"Cockroaches, gutka packet: FSSAI slaps notices on Delhi's JW Marriott, Andaz",,,,2026-08-27,,,"Cockroaches, gutka packet: FSSAI slaps notices on Delhi's JW Marriott, Andaz - Rediff",Pest infestation; Expired food; Spoiled / stale food; Microbial / fungal contamination; Labelling / date-marking; Temperature control; Cross-contamination / segregation; Water / ice safety; Poor hygiene / sanitation; Waste / drainage; Equipment / premises; Food-handler hygiene; Licensing / registration; Storage / packaging,inspection,,,News report — corroboration recommended,Rediff,Other,https://www.rediff.com/news/report/fssai-issues-notices-to-jw-marriott-andaz-hotels-for-cockroaches-on-premises-hygiene-violations/20260826.htm,"Cockroaches, gutka packet: FSSAI slaps notices on Delhi's JW Marriott, Andaz - Rediff.com India News Home Mail News News Business Movies Cricket Sports Getahead Money Money Home News Forex Indices Mutual Funds Insurance Gainers Losers Trends Star Portfolios My Portfolio My Watchlist BusinessEmail Gurus TV More News > Headlines Defence Images Columns Interviews Specials Coverage Videos Archives Business > Headlines Columns Specials Personal Finance Interviews Images Technology Auto Union Budget 2026 Archives Movies > Headlines Images Interviews Reviews Web Series Videos South Cinema Quiz Hollywood Archives Cricket > Headlines Images Stats Women's T20 WC 2026 WT20 2026: Games, Players, Teams I",2026-10-07
FS-3F18DC4C81,"FSSAI raids: Restaurants, quick commerce firms brace for tougher food safety checks",,,,2026-09-01,,,"FSSAI raids: Restaurants, quick commerce firms brace for tougher food safety checks - Moneycontrol.com",Pest infestation; Water / ice safety,inspection; raid,,,News report — corroboration recommended,Moneycontrol.com,Other,https://www.moneycontrol.com/europe/?url=https://www.moneycontrol.com/news/business/startup/fssai-raids-restaurants-quick-commerce-firms-brace-for-tougher-food-safety-checks-14019275.html,"FSSAI raids: Restaurants, quick commerce firms brace for tougher food safety checks Select language English Hindi Gujarati Specials Search Quotes, News, Mutual Fund NAVs Quotes Mutual Funds ETFs Commodities Futures & Options Unlisted Shares Currency News Topic Cryptocurrency Forum Notices Videos Glossary All My Alerts Go Ad-Free Hello, Login Hello, Login Log-in or Sign-Up My Account My Profile My Portfolio My Watchlist My Alerts My Messages Price Alerts My Profile My PRO My Portfolio My Watchlist My Alerts My Messages Price Alerts Logout Loans up to ₹50 LAKHS Fixed Deposits Credit Cards Lifetime Free Credit Score Loan against MFs Chat with Us Download App Follow us on: ->-> Go PRO Now PRO PR",2026-10-07
FS-0BC4F8E088,"Bengaluru food safety crackdown: Rotten meat, expired cream, insects found at hotels, pubs",,,,2026-08-10,,,"Bengaluru food safety crackdown: Rotten meat, expired cream, insects found at hotels, pubs - Moneycontrol.com",Pest infestation; Expired food; Spoiled / stale food; Water / ice safety,seized; inspection,,,News report — corroboration recommended,Moneycontrol.com,Other,https://www.moneycontrol.com/europe/?url=https://www.moneycontrol.com/news/india/bengaluru-food-safety-crackdown-rotten-meat-expired-cream-insects-found-at-hotels-pubs-13999465.html,"Bengaluru food safety crackdown: Rotten meat, expired cream, insects found at hotels, pubs Select language English Hindi Gujarati Specials Search Quotes, News, Mutual Fund NAVs Quotes Mutual Funds ETFs Commodities Futures & Options Unlisted Shares Currency News Topic Cryptocurrency Forum Notices Videos Glossary All My Alerts Go Ad-Free Hello, Login Hello, Login Log-in or Sign-Up My Account My Profile My Portfolio My Watchlist My Alerts My Messages Price Alerts My Profile My PRO My Portfolio My Watchlist My Alerts My Messages Price Alerts Logout Loans up to ₹50 LAKHS Fixed Deposits Credit Cards Lifetime Free Credit Score Loan against MFs Chat with Us Download App Follow us on: ->-> Go PRO Now",2026-10-07
FS-6502D9F6C6,"Bengaluru food safety raids: 132 kg of spoiled meat, unfit food seized in crackdown",,,,2026-08-10,,,"Bengaluru food safety raids: 132 kg of spoiled meat, unfit food seized in crackdown - Mathrubhumi English",Pest infestation; Expired food; Spoiled / stale food; Water / ice safety; Waste / drainage; Equipment / premises; Licensing / registration,seized; seizure; destroyed; closed; closure; inspection; raided; raid,,,News report — corroboration recommended,Mathrubhumi English,Other,https://english.mathrubhumi.com/news/india/food-safety-raids-bengaluru-restaurants-skyee-lounge-closed-2026-qoe8vn4q,"Bengaluru Food Safety Raids: 132kg Spoiled Food Seized, Lounge Closed | Mathrubhumi English Choose Edition Change Mode E-PAPER LIVE TV SUBSCRIPTION BUY BOOKS BOOK ADS CLASSIFIEDS Home Latest India World Movies In-Depth Columns Features Lifestyle Sports Videos Business Home Latest India World Movies In-Depth Columns Features Lifestyle Sports Videos Business NEWS COLUMNS MOVIES-MUSIC SPORTS EDUCATION FEATURES TECHNOLOGY LIFESTYLE GALLERY Astrology Malayalam English E-Paper Mathrubhumi News Club FM Seed Media School MBIFL Privacy Policy Terms of Use Subscription Buy Books Magazines Ad Tariff Classifieds Archives BookMyAd About Us Contact Us Complaints © Copyright Mathrubhumi 2026 . All rights r",2026-10-07
FS-14FFA03581,FSSAI suspends licence of Seven Seas Hospitality after inspections,,,,2026-09-30,,,FSSAI suspends licence of Seven Seas Hospitality after inspections - Hospitality Biz India,Pest infestation; Temperature control; Cross-contamination / segregation; Water / ice safety; Poor hygiene / sanitation; Equipment / premises; Licensing / registration; Storage / packaging,licence suspended; fine; inspection,,,News report — corroboration recommended,Hospitality Biz India,Other,https://hospitalitybizindia.com/news-track/fssai-suspends-licence-of-seven-seas-hospitality-after-inspections/,"FSSAI suspends licence of Seven Seas Hospitality after inspections - Hospitality Biz India: Latest News & Analysis Close Menu About Contact Advisory Board Terms & Conditions Privacy Policy Subscribe to Updates Get the latest creative news from FooBar about art, design and business. By signing up, you agree to the our terms and our Privacy Policy agreement. What's Hot ‘We aspire to increase F&B’s contribution to 50% of the hotel’s revenue’: Ruben Das, GM, Hyatt Hyderabad Gachibowli October 7, 2026 Adani Airports launches Swirl Transit Hotel at Navi Mumbai airport October 7, 2026 Cygnett signs 114-key resort near Kainchi Dham October 6, 2026 Facebook X (Twitter) Instagram About Contact Advisor",2026-10-07
FS-1EE7AD3ED8,"Mumbai’s 122-year-old Kyani & co licence suspended after FDA finds rat droppings, cockroaches",,,,2026-09-28,,,"Mumbai’s 122-year-old Kyani & co licence suspended after FDA finds rat droppings, cockroaches - News9live",Pest infestation; Temperature control; Water / ice safety; Poor hygiene / sanitation; Waste / drainage; Equipment / premises; Licensing / registration; Storage / packaging,seized; seizure; licence suspended; inspection,,,News report — corroboration recommended,News9live,Other,https://www.news9live.com/india/mumbais-122-year-old-kyani-co-licence-suspended-after-fda-finds-rat-droppings-cockroaches-3011550,"Mumbai's 122-year-old Kyani & co licence suspended after FDA finds rat droppings, cockroaches | India News - News9live हिन्दी ಕನ್ನಡ తెలుగు मराठी ગુજરાતી বাংলা ਪੰਜਾਬੀ தமிழ் മലയാളം मनी9 TV9-UP Home Latest India Analysis LifeStyle Sports Entertainment Cities Tech Biz Health Videos AQI LIVE TV Sign In Continue with Google By signing in or creating an account, you agree with Associated Broadcasting Company's Terms & Conditions and Privacy Policy . News9live हिन्दी ਪੰਜਾਬੀ ಕನ್ನಡ తెలుగు मराठी ગુજરાતી বাংলা தமிழ் മലയാളം Subscribe Whatsapp Channel logout Trending PM Modi 25 years RBI US-Iran Markets AI News iPhone 18 Bigg Boss 20 Gaming OTT News Cricket Elections 2026 Ganesh Chaturthi X State Andhra P",2026-10-07
FS-A5F9627D03,"After scrutiny of top food chains like Burger King, Pizza Hut, FSSAI suspends Marche Retail licence for 30 days",,,,2026-08-24,,,"After scrutiny of top food chains like Burger King, Pizza Hut, FSSAI suspends Marche Retail licence for 30 days - Business Today",Pest infestation; Labelling / date-marking; Water / ice safety; Poor hygiene / sanitation; Equipment / premises; Licensing / registration; Storage / packaging,licence suspended; inspection,,,News report — corroboration recommended,Business Today,Other,https://www.businesstoday.in/india/story/after-scrutiny-of-top-food-chains-like-burger-king-pizza-hut-fssai-suspends-marche-retail-licence-for-30-days-550866-2026-08-24,"After scrutiny of top food chains like Burger King, Pizza Hut, FSSAI suspends Marche Retail licence for 30 days - BusinessToday Business Today BT Bazaar India Today Northeast India Today Gaming Cosmopolitan Harper's Bazaar Brides Today Ishq FM Aaj Tak GNTTV Kisan Tak Lallantop Malyalam Bangla Sports Tak Crime Tak Aajtak Campus Astro tak Subscribe Home Markets Stocks News IPO Corner Indices Stocks List Magazine Cover Story Editor's Note Deep Dive Interview BT TV Market Today Easynomics Drive Today BT Explainer New BT Billionaires New Make In India Gold & Silver Rate India Tech Artificial Intelligence Tech News Startups Unbox - Review Industry Banking IT Energy Commodities Pharma Real Estate T",2026-10-07
FS-DBC57208DF,"FSSAI licences of nine restaurants in Telangana’s Medak, Kamareddy and Nizamabad suspended over food safety violations",,,,2026-10-06,,,"FSSAI licences of nine restaurants in Telangana’s Medak, Kamareddy and Nizamabad suspended over food safety violations - The Hindu",Pest infestation; Expired food; Spoiled / stale food; Adulteration; Labelling / date-marking; Water / ice safety; Poor hygiene / sanitation; Waste / drainage; Equipment / premises; Licensing / registration; Storage / packaging,license suspended; inspection,,,News report — corroboration recommended,The Hindu,News,https://www.thehindu.com/news/national/telangana/fssai-licences-of-nine-restaurants-in-telanganas-medak-kamareddy-and-nizamabad-suspended-over-food-safety-violations/article71552304.ece,"FSSAI licences of nine restaurants in Telangana’s Medak, Kamareddy and Nizamabad suspended over food safety violations - The Hindu You are logged in Loading... LOGOUT You don’t have any Active Subscription. Subscribe now Subscribed with another email? Logout and Login with that one. Your active subscription(s) Account subscription benefits alongside Premium Stories, Editorials, Opinions and more. Unlock these with Subscription Products you've access to Additional Subscription Benefits eBooks Webinars Newsletters Games Monthly Digest Account Settings Go to My Account Bookmarks Manage Subscriptions Need help with your subscription? customersupport@thehindu.co.in 1800 102 1878 Weather News Octo",2026-10-07
FS-146DCB0602,FSSAI licence suspended for Chhatrapati Sambhajinagar restaurant after major violations discovered,,,,2026-08-22,,,FSSAI licence suspended for Chhatrapati Sambhajinagar restaurant after major violations discovered - ETRetail.com,Pest infestation; Spoiled / stale food; Microbial / fungal contamination; Labelling / date-marking; Temperature control; Water / ice safety; Poor hygiene / sanitation; Equipment / premises; Licensing / registration; Storage / packaging,licence suspended; license suspended; penalty; inspection,,,News report — corroboration recommended,ETRetail.com,Other,https://retail.economictimes.indiatimes.com/news/food-entertainment/food-services/fssai-licence-suspended-for-chhatrapati-sambhajinagar-restaurant-after-major-violations-discovered/133420618,"FSSAI License Suspended: Chhatrapati Sambhajinagar Restaurant Faces Major Hygiene Violations, ETRetail Login Get App News Apparel & Fashion CDIT Books and Stationery E-commerce Health & Beauty Industry Food & Entertainment Home & Decor View all News Exclusives Leaders Speak Events Awards Webinars Brand Solutions More Newsletters MasterClasses About Us Contact Us Advertise With Us Search E-commerce Food & Entertainment CDIT Digital Covers Apparel & Fashion Podcasts Health & Beauty Home & Decor More Corporate Actions Blogs Interviews Videos Integrated Campaigns Bespoke Events Advertorial Virtual Engagement Videos Digital Branding & Awareness More More Food Services 2 min read FSSAI licence sus",2026-10-07
FS-1AF06600F0,Food Adulteration in India: How IAS Officers Are Cracking Down,,,,2026-08-28,,,Food Adulteration in India: How IAS Officers Are Cracking Down - The Better India,Pest infestation; Expired food; Adulteration; Labelling / date-marking; Temperature control; Water / ice safety; Poor hygiene / sanitation; Equipment / premises; Licensing / registration; Storage / packaging,seized; seizure; destroyed; inspection; raid,,,News report — corroboration recommended,The Better India,Other,https://thebetterindia.com/changemakers/food-adulteration-india-ias-officers-tukaram-mundhe-food-safety-crackdown-12433449,"Food Adulteration in India: How IAS Officers Are Cracking Down 0 Login/Signup Bookmarks My Profile Log Out Home Topics Sustainability Stories Changemakers Stories Startup Stories Culture Stories Travel Stories Parenting Stories Farming Stories Gardening Stories Wildlife Stories Food Stories Innovation Stories History Stories Education Stories Health Care Stories Civil Service Stories Young Achievers Stories About Stories Our Impact Brand Campaigns Watch Inspiring Videos Advertise With Us Press Coverage Contact Career at The Better India Join The Better India. Sign In with Google Sign In with Facebook Sign in with Email By clicking the button, I accept the Terms of Use of the service and its",2026-10-07
FS-FB6325B5FB,‘You are dealing with the lives of people’: Inside Tukaram Mundhe’s no-nonsense food safety drive,,,,2026-08-26,,,‘You are dealing with the lives of people’: Inside Tukaram Mundhe’s no-nonsense food safety drive - CNBC TV18,Pest infestation; Expired food; Adulteration; Labelling / date-marking; Water / ice safety; Equipment / premises; Food-handler hygiene; Licensing / registration,penalty; fine; inspection; raid,,,News report — corroboration recommended,CNBC TV18,Other,https://www.cnbctv18.com/india/tukaram-mundhe-food-safety-crackdown-mumbai-maharashtra-fda-19977365.htm,‘You are dealing with the lives of people’: Inside Tukaram Mundhe’s no-nonsense food safety drive - CNBC TV18 Join Us Log in / Sign up Language English हिन्दी Latest news Live Updates CNBC-TV18 Prime Markets Markets Data Stocks IPOs Business Personal Finance Impact Shorts Economy India World Upcoming Events Engage with CNBC-TV18 Photos Videos Minis Web Stories Polls Quiz Healthcare Politics Travel Education & Careers Sports Views Auto Entertainment Technology Startups Lifestyle Retail Real Estate Minis Special Coverage India Business Leader Awards Branded Content HealthX Elevate India Retirement Insights Summit The Growth Summit Ceo awards Accelerate Your Cloud Journey Accelerating to a Conn,2026-10-07
FS-E20169FEE1,5 Recent Indian Food Failures That Should Make You Alert,,,,2026-08-24,,,5 Recent Indian Food Failures That Should Make You Alert - Slurrp,Pest infestation; Expired food; Adulteration; Labelling / date-marking; Water / ice safety; Poor hygiene / sanitation; Equipment / premises; Licensing / registration; Storage / packaging,seized; destroyed; inspection; raided; raid,,,News report — corroboration recommended,Slurrp,Other,https://www.slurrp.com/article/5-recent-indian-food-failures-that-should-make-you-alert-1787412796803,"5 Recent Indian Food Failures That Should Make You Alert Home Articles Web Stories Community Contests Rewards Shop Videos more Back Food Trails Newsletter Nutrimeter Cocktail Sifter Drinks Discover Photo Stories slurrp360 Clear See all results for "" "" New Post Add to Community Create Post Create Biteclub View Drafts + Loading... X Add to Community Create Post Create Biteclub View Drafts Copy Home Article 5 Recent Indian Food Failures That Should Make You Alert 5 Recent Indian Food Failures That Should Make You Alert By Kaushiki Gangully Updated: Aug 25, 2026 Share Recent food-safety failures in India offer important lessons on adulteration, hygiene, and smarter food-buying habits. Keep these",2026-10-07
FS-F06E8008DF,"Mall eateries, hotels in Bhubaneswar and Cuttack raided over food safety",,,,2026-08-19,,,"Mall eateries, hotels in Bhubaneswar and Cuttack raided over food safety - The New Indian Express",Pest infestation; Expired food; Spoiled / stale food; Adulteration; Temperature control; Water / ice safety; Poor hygiene / sanitation; Equipment / premises,seized; destroyed; closure; inspection; raided; raid,,,News report — corroboration recommended,The New Indian Express,News,https://www.newindianexpress.com/cities/bhubaneswar/2026/Aug/19/mall-eateries-hotels-in-bhubaneswar-and-cuttack-raided-over-food-safety,"Mall eateries, hotels in Bhubaneswar and Cuttack raided over food safety Subscribe E-PAPER INDIA WORLD STATES CITIES OPINION EXPLAINER BUSINESS SPORTS GOOD NEWS ENTERTAINMENT VIDEOS LIVE BLOG INDIA WORLD STATES CITIES OPINION EXPLAINER BUSINESS SPORTS GOOD NEWS ENTERTAINMENT VIDEOS LIVE BLOG Bhubaneswar Mall eateries, hotels in Bhubaneswar and Cuttack raided over food safety The eateries which have been sealed are Hotel Debasish and Hotel Moonlight located in CDA Sector-7 locality. Photo use for representational purpose. Photo | Express Express News Service Updated on : 19 Aug 2026, 3:44 am 2 min read Copied BHUBANESWAR/CUTTACK : Food safety inspections were on Tuesday carried out in the eat",2026-10-07
FS-1128036598,"India’s Food Safety Crackdown Intensifies: Restaurants, Quick-Commerce Warehouses, Food Makers Face Action Over Hygiene Violations, Adulteration, Misleading Labels and Expired Stock",,,,2026-08-18,,,"India’s Food Safety Crackdown Intensifies: Restaurants, Quick-Commerce Warehouses, Food Makers Face Action Over Hygiene Violations, Adulteration, Misleading Labels and Expired Stock - Republic World",Pest infestation; Expired food; Spoiled / stale food; Adulteration; Labelling / date-marking; Temperature control; Water / ice safety; Poor hygiene / sanitation; Licensing / registration; Storage / packaging,seized; closure; inspection,,,News report — corroboration recommended,Republic World,Other,https://www.republicworld.com/business/indias-food-safety-crackdown-intensifies-restaurants-quick-commerce-warehouses-food-makers-face-action-over-hygiene-violations-adulteration-misleading-labels-and-expired-stock-2026-08-18-134995,"India’s Food Safety Crackdown Intensifies: Restaurants, Quick-Commerce Warehouses, Food Makers Face Action Over Hygiene Violations, Adulteration, Misleading Labels and Expired Stock | Republic World Republic World R.Bharat R.Bangla R.Kannada Home Republic Business Live TV Republic Show The Debate Visual Story Republic Summit Election News Budget 2026 World More LIVE TV News / Republic Business / India’s Food Safety Crackdown Intensifies: Restaurants, Quick-Commerce Warehouses, Food Makers Face Action Over Hygiene Violations, Adulteration, Misleading Labels and Expired Stock Updated 18 August 2026 at 16:56 IST India’s Food Safety Crackdown Intensifies: Restaurants, Quick-Commerce Warehouses,",2026-10-07
FS-3481FDDAFA,1 Sebastian restaurant shut down during health inspections for March 2023,,,,2023-04-03,,,1 Sebastian restaurant shut down during health inspections for March 2023 - Sebastian Daily,Pest infestation; Labelling / date-marking; Temperature control; Water / ice safety; Poor hygiene / sanitation; Equipment / premises; Food-handler hygiene; Storage / packaging; Inspection passed,closure; inspection,,,News report — corroboration recommended,Sebastian Daily,Other,https://www.sebastiandaily.com/restaurants/1-sebastian-restaurant-shut-down-during-health-inspections-for-march-2023-45309/,"1 Sebastian restaurant shut down during health inspections for March 2023 - Sebastian Daily Wednesday, October 7, 2026 #1 News Source Sebastian/Vero Beach News All News Business Community Crime Events Food Health Health Inspections Letters to the Editor Restaurants Schools Traffic Discover Indian River Lagoon Moving to Sebastian, Florida Skydiving in Sebastian, Florida Sebastian Riverfront Things to do in Sebastian, Florida What’s it like living in Sebastian, Florida 2024 Sebastian Business Awards Best Pubs in Sebastian Best Restaurants in Sebastian 2023 Sebastian Business Awards Best Restaurants in Sebastian Best Bars in Sebastian Best Diners in Sebastian Best Music in Sebastian Best Pizza",2026-10-07
FS-00B965388D,FSSAI asks states to step up food inspections ahead of festival season,,,,2026-10-05,,,FSSAI asks states to step up food inspections ahead of festival season - Business Standard,Pest infestation; Adulteration; Water / ice safety; Poor hygiene / sanitation; Licensing / registration,fine; inspection,,,News report — corroboration recommended,Business Standard,Other,https://www.business-standard.com/industry/news/fssai-asks-states-to-step-up-food-inspections-ahead-of-festival-season-126100501240_1.html,"FSSAI asks states to step up food inspections ahead of festival season | Industry News - Business Standard Monday, October 05, 2026 | 11:02 PM IST हिंदी में पढें Home Industry Auto Banking Aviation SME Agriculture Home / Industry / News / FSSAI asks states to step up food inspections ahead of festival season FSSAI asks states to step up food inspections ahead of festival season The regulator wants enforcement officials to focus on hot spots, deploy Food Safety on Wheels vehicles in markets and record all inspection data in real time FSSAI has asked states and Union Territories to carry out a special drive against adulterated and unsafe food ahead of festive season Ananya Podder New Delhi 2 m",2026-10-08
FS-81E56FF10A,4 Domino's outlets sealed in Maharashtra over food safety violations after FDA raids,,,,2026-08-12,,,4 Domino's outlets sealed in Maharashtra over food safety violations after FDA raids - India Today,Pest infestation; Expired food; Temperature control; Cross-contamination / segregation; Water / ice safety; Poor hygiene / sanitation; Waste / drainage; Equipment / premises; Food-handler hygiene; Licensing / registration; Storage / packaging,seized; destroyed; licence suspended; penalty; inspection; raid,,,News report — corroboration recommended,India Today,Other,https://www.indiatoday.in/india/story/4-dominos-outlets-sealed-in-maharashtra-after-fda-finds-violations-following-raids-at-104-restaurant-brands-2969684-2026-08-12,4 Domino's outlets sealed in Maharashtra over food safety violations after FDA raids - India Today India Today Aaj Tak India Today Hindi NewsTak GNTTV Lallantop Business Today Bangla Malayalam Northeast BT Bazaar Harper's Bazaar Sports Tak Astro Tak Gaming Brides Today Cosmopolitan Kisan Tak Reader’s Digest India Today Aaj Tak India Today Hindi NewsTak GNTTV Lallantop Business Today Bangla Malayalam Northeast Magazine Live TV Search SEARCH SIGN IN Edition IN IN US Home TV Live TV Primetime Magazine Latest Edition Insight Best Colleges India Today Hindi Jobs India Business All Business News Share Market IPO Personal Finance Companies Life+Style Puzzles South Global Sports Asian Games All Spor,2026-10-08
FS-5BCDE81F6B,"Shadab licence suspended, two cafés shut in food safety crackdown",,,,2026-09-04,,,"Shadab licence suspended, two cafés shut in food safety crackdown - The Hans India",Pest infestation; Expired food; Spoiled / stale food; Adulteration; Labelling / date-marking; Water / ice safety; Poor hygiene / sanitation; Waste / drainage; Equipment / premises; Licensing / registration; Storage / packaging,licence suspended; fine; inspection; raid,,,News report — corroboration recommended,The Hans India,News,https://www.thehansindia.com/news/cities/hyderabad/shadab-licence-suspended-two-cafs-shut-in-food-safety-crackdown-1117726,"Shadab licence suspended, two cafés shut in food safety crackdown Select Hans India Now Select Hans India Now Telangana + Hyderabad Warangal Khamman Adilabad Manchiryal-Asifabad Nizamabad Karimnagar Medak-Sangareddy Siddipet Mahaboobnagar Nalgonda-Suryapet Andhra Pradesh + Amaravati Visakhapatnam Tirupati Kurnool Guntur Anantapur Chittoor Eluru Kadapa Kakinada Nellore Ongole Rajahmundry Srikakulam National + Karnataka Tamil Nadu Uttar Pradesh New Delhi Bengaluru Chennai Mumbai Kolkata Odisha Global Opinion + Editorial Business + Market Technology + AI News Auto Entertainment + OTT Tollywood Bollywood Lifestyle + Health Womenia Spiritual Sports Videos + Web Stories Brand Buzz Edu and Careers",2026-10-08
FS-D523BCED8A,"CCTV In Hotel Restaurant Kitchens, Digital Extension Of FSS Act",,,,2026-08-17,,,"CCTV In Hotel Restaurant Kitchens, Digital Extension Of FSS Act - Live Law",Pest infestation; Spoiled / stale food; Adulteration; Labelling / date-marking; Temperature control; Cross-contamination / segregation; Water / ice safety; Poor hygiene / sanitation; Waste / drainage; Equipment / premises; Licensing / registration; Storage / packaging,inspection; raid,,,News report — corroboration recommended,Live Law,Other,https://www.livelaw.in/articles/cctv-hotel-restaurant-kitchens-digital-extension-fss-act-546018,"CCTV In Hotel Restaurant Kitchens, Digital Extension Of FSS Act Login Account Subscribe Premium More Top Stories Supreme Court Search Topics Top Stories Supreme Court Supreme Court SC Judgements High Courts High Courts All High Courts Allahabad High Court Andhra Pradesh High Court Bombay High Court Calcutta High Court Chhattisgarh High Court Delhi High Court Gauhati High Court Gujarat High Court Himachal Pradesh High Court High Court of Jammu & Kashmir and Ladakh Jharkhand High Court Karnataka High Court Kerala High Court Madhya Pradesh High Court Madras High Court Manipur High Court Meghalaya High Court Orissa High Court Patna High Court Punjab and Haryana High Court Rajasthan High Court Si",2026-10-08
